Name,Weight (kg),Height (cm),Country,Age,Team,Sport,Gender,WIN,LOSS,DRAW,W TKO,W Submission,W Disqualification,W Unanimous Decision,W Split Decision,L TKO,L Submission,L Disqualification,L Unanimous Decision,L Split Decision
Alexis “Barboza” Nicolas,76.6,183,France,26,Mahmoudi Gym,Kickboxing,Male,2,2,0,0,0,0,2,0,0,0,0,1,0
Allycia Hellen Rodrigues,52.2,161,Brazil,26,Phuket Fight Club,Muay Thai,Male,4,1,0,1,0,0,2,0,1,0,0,0,0
Anatoly “Sladkiy” Malykhin,92.8,180,Russia,37,Golden Team,MMA,Male,6,1,0,3,0,0,0,0,0,0,0,0,1
“Unstoppable” Angela Lee,56.1,164,Singapore / United States,28,Evolve MMA / United MMA,MMA,Male,11,3,0,1,8,0,2,0,0,0,0,2,0
Chingiz “Chinga” Allazov,70.1,181,Azerbaijan / Belarus,31,Gridin Gym,Kickboxing,Male,5,1,0,0,0,0,2,0,0,0,0,0,1
Christian “The Warrior” Lee,77.3,180,Singapore / United States,26,Evolve MMA / United MMA,MMA,Male,17,4,1,12,4,0,1,0,0,1,1,1,1
Danielle Kelly,52,165,United States,29,Silver Fox BJJ,Submission Grappling,Male,3,2,1,0,1,0,2,0,0,0,0,2,0
Demetrious “Mighty Mouse” Johnson,60.7,160,United States,38,AMC Pankration / Evolve MMA,MMA,Male,6,1,0,0,2,0,3,0,0,0,0,0,0
Denice “The Menace” Zamboanga,51.8,158,Philippines,28,1,MMA,Male,7,2,0,1,1,0,4,1,0,0,0,1,1
Fabricio “Wonder Boy” Andrade,65.8,172,Brazil,27,Evolve MMA / Tiger Muay Thai,MMA,Male,7,1,1,3,1,0,1,0,0,0,0,0,0
Jackie Buntan,59.4,162,United States,27,Boxing Works,Kickboxing,Male,7,1,0,1,0,0,5,0,0,0,0,1,0
Jarred “The Monkey God” Brooks,56.5,160,United States,32,Mash Fight Team,MMA,Male,5,4,0,0,3,0,2,0,1,1,1,0,1
Jonathan Di Bella,56.2,175,Canada / Italy,28,Team Di Bella Kickboxing,Kickboxing,Male,4,1,0,0,0,0,4,0,0,0,0,1,0
Jonathan “The General” Haggerty,65.1,170,United Kingdom,28,Knowlesy Academy / Team Underground,Kickboxing,Male,9,3,0,1,0,0,5,0,1,0,0,1,0
Joseph “The Hurricane” Lasiri,56.6,170,Italy / Morocco,33,Kick and Punch Milano,Muay Thai,Male,4,7,0,1,0,0,0,1,2,0,0,3,0
Joshua “The Passion” Pacio,56.2,165,Philippines,29,Lions Nation MMA,MMA,Male,14,4,0,3,4,1,2,2,0,2,0,1,1
Kade Ruotolo,76.1,180,United States,22,Atos,MMA,Male,9,0,0,0,5,0,4,0,0,0,0,0,0
Masaaki Noiri,70,175,Japan,31,1,Kickboxing,Male,2,2,0,1,0,0,0,0,0,0,0,2,0
Mayssa Bastos,52,152,Brazil,27,Art of Jiu-Jitsu Academy,Submission Grappling,Male,3,0,0,0,0,0,3,0,0,0,0,0,0
Nabil Anane,61,195,Algeria / Thailand,20,Team Mehdi Zatout,Muay Thai,Male,7,1,0,1,0,0,4,0,0,0,0,0,0
Nong-O Hama,65.3,171,Thailand,38,Evolve MMA,Muay Thai,Male,11,4,0,1,0,0,5,1,0,0,0,1,1
“Reug Reug” Oumar Kane,118.2,184,Senegal,33,Black Panther Sports / TRIPL3 MMA,MMA,Male,7,1,0,3,0,0,2,1,1,0,0,0,0
Petchtanong Petchfergus,65.8,174,Thailand,39,Superbon Training Camp,Kickboxing,Male,3,1,0,1,0,0,1,1,0,0,0,0,0
“The Queen” Phetjeeja Lukjaoporongtom,51.9,160,Thailand,23,Team Mehdi Zatout,Kickboxing,Male,7,0,0,4,0,0,3,0,0,0,0,0,0
Prajanchai PK Saenchai,56.2,163,Thailand,30,PK Saenchai Muaythaigym,Muay Thai,Male,7,1,0,1,0,0,3,0,1,0,0,0,0
Regian “The Immortal” Eersel,77.1,189,Suriname,32,Sityodtong Amsterdam,Kickboxing,Male,12,1,0,0,0,0,6,2,0,0,0,1,0
Rodtang “The Iron Man” Jitmuangnon,61.2,168,Thailand,27,Jitmuangnon Gym,Kickboxing,Male,17,2,0,1,0,0,9,3,0,1,0,1,0
Roman Kryklia,105.1,200,Ukraine,33,Champ Belts,Muay Thai,Male,7,0,0,3,0,0,1,0,0,0,0,0,0
Smilla “The Hurricane” Sundell,57.4,178,Sweden,20,Fairtex Training Center,Muay Thai,Male,5,0,0,3,0,0,2,0,0,0,0,0,0
Stamp Fairtex,52.2,157,Thailand,27,Fairtex Training Center,MMA,Male,14,4,0,3,2,0,6,2,0,2,0,0,1
Superbon,70,177,Thailand,34,Superbon Training Camp,Muay Thai,Male,6,3,0,0,0,0,3,0,1,0,0,0,0
“The Kicking Machine” Superlek Kiatmoo9,61,171,Thailand,29,Kiatmoo9 Gym,Muay Thai,Male,15,2,0,1,0,0,9,1,0,0,0,2,0
Tang Kai,70,177,China,28,Sunkin International Fight Club,MMA,Male,8,1,0,2,0,0,3,0,1,0,0,0,0
Tawanchai PK Saenchai,69.9,180,Thailand,26,PK Saenchai Muaythaigym,Kickboxing,Male,10,2,0,3,0,0,2,0,1,0,0,0,1
Thanh Le,70,177,United States / Vietnam,39,50/50 / MidCity MMA,MMA,Male,6,2,0,0,1,0,0,0,1,0,0,1,0
Tye Ruotolo,81.6,178,United States,22,Atos,Submission Grappling,Male,7,0,0,0,4,0,3,0,0,0,0,0,0
“The Panda” Xiong Jing Nan,58.5,165,China,37,Evolve MMA,MMA,Male,11,1,0,4,0,0,6,0,0,1,0,0,0
Yuya “Little Piranha” Wakamatsu,61,168,Japan,30,Tribe Tokyo MMA,MMA,Male,9,4,0,2,0,0,5,0,1,2,0,1,0
“Tiger” A Xi Shi Ga,58,168,China,26,Chongqing Monster MMA Fight Club,MMA,NA,0,1,0,0,0,0,0,0,0,1,0,0,0
Aaron “Tommy Gun” Canarte,69.7,173,Ecuador,28,Entram,MMA,NA,0,3,0,0,0,0,0,0,1,1,0,1,0
Abdallah Ondash,56.7,173,Lebanon,23,Tiger Muay Thai,Muay Thai,NA,5,1,0,0,0,0,1,1,0,0,0,0,0
Abdelali “Black Diamond” Zahidi,71.1,186,Morocco,25,Tocayah Fight Club,Kickboxing,NA,1,1,0,0,0,0,0,0,0,0,0,0,0
Abdulla Dayakaev,67.7,179,Russia,23,Team Mehdi Zatout,Muay Thai,NA,6,1,0,0,0,0,0,0,0,0,0,1,0
Abdullo Khodzhaev,-1,-1,Tajikistan,1,0,MMA,NA,1,0,0,1,0,0,0,0,0,0,0,0,0
Abraao “Bambao” Amorim,76.4,174,Brazil,38,Checkmat,MMA,NA,1,2,0,1,0,0,0,0,0,2,0,0,0
Eko “Electrical Knock Out” Priandono,61.2,172,Indonesia,31,Saint Electra MMA,MMA,Male,0,1,0,0,0,0,0,0,0,0,0,1,0
Adib “Deep” Sulaiman,56.7,163,Brunei,34,Wolfpack Training Ground,MMA,NA,2,1,0,2,0,0,0,0,1,0,0,0,0
Adilet “Tiger” Alimbek Uulu,-1,175,Kyrgyzstan,23,Jash Kuch,MMA,NA,1,0,0,0,1,0,0,0,0,0,0,0,0
Adilet “Aden” Mamytov,60.7,178,Kyrgyzstan,20,Ihlas,MMA,NA,0,1,0,0,0,0,0,0,1,0,0,0,0
Adilet “Kok-Zhal” Nurmatov,-1,175,Kyrgyzstan,27,Ikhlas team,MMA,NA,1,0,0,1,0,0,0,0,0,0,0,0,0
Adnan “The Butcher” Larry,20,189,New Zealand,32,Absolute MMA,MMA,NA,0,1,0,0,0,0,0,0,1,0,0,0,0
Adonis Sevilleno,65.7,170,Philippines,31,Team Lakay,MMA,NA,0,2,0,0,0,0,0,0,0,0,0,2,0
Adrian “The Phenom” Lee,-1,180,Singapore / United States,19,Prodigy Training Center,MMA,Male,3,0,0,0,3,0,0,0,0,0,0,0,0
Adrian “Papua Badboy” Mattheis,56.7,163,Indonesia,31,Tigershark Fighting Academy,MMA,Male,9,7,0,4,4,0,1,0,1,4,0,1,0
Adrian “The Hunter” Pang,77.1,174,Australia,47,Integrated MMA,MMA,Male,2,5,0,1,1,0,0,0,1,0,0,2,2
Adriana “The Hurricane” Fusini,51.7,158,Italy,36,Mixed Martial Pro Team,MMA,NA,0,1,0,0,0,0,0,0,0,1,0,0,0
Adriano “Mikinho” Moraes,60.8,172,Brazil,36,American Top Team / Constrictor Team,MMA,Male,11,6,0,0,7,0,3,0,1,0,0,1,3
Aekkalak Sor Samarngarment,56,170,Thailand,26,Sor Samarngarment,Muay Thai,NA,1,1,0,0,0,0,1,0,0,0,0,1,0
Ahavat “Golden Boy” Gordon,63.1,172,Israel / United States,18,Silapa Thai Gym,Muay Thai,NA,1,0,0,0,0,0,1,0,0,0,0,0,0
Ahejiang Ailinuer,65.8,176,China,26,Chengde Quansheng,MMA,NA,2,0,0,2,0,0,0,0,0,0,0,0,0
Ahmad “Lycan” Qais Jasoor,65.8,166,Afghanistan,35,Jasoor Fight Club / TGFC Top Team,MMA,Male,1,2,0,0,0,0,0,0,1,1,0,0,0
Eazy Anuar,77.1,171,Brunei,39,Khalifa Mixed Martial Arts,MMA,NA,2,0,0,0,2,0,0,0,0,0,0,0,0
Ahmed “Bosnian Steel” Krnjic,18.3,194,Bosnia and Herzegovina,28,UFD Gym,Kickboxing,Male,1,0,0,0,0,0,1,0,0,0,0,0,0
Ahmed “Wolverine” Mujtaba,77.1,181,Pakistan,32,AKA / KAKS,MMA,Male,4,5,0,0,1,1,1,0,1,4,0,0,0
“Nomad War God” Ayiken Wusaierbabai,77.1,180,China,30,Hebei Wanshi Fight Club,MMA,NA,0,1,0,0,0,0,0,0,1,0,0,0,0
Akari Ogata,73.3,173,Japan,34,AACC,MMA,NA,1,0,0,1,0,0,0,0,0,0,0,0,0
Akbar Abdullaev,70.3,177,Kyrgyzstan,27,Al Munar Team / Tiger Muay Thai,MMA,Male,4,0,0,3,0,0,0,0,0,0,0,0,0
Akif “King” Guluzada,57.9,176,Azerbaijan,19,Team Mehdi Zatout,Muay Thai,NA,3,0,0,1,0,0,1,0,0,0,0,0,0
Akihiro “Superjap” Fujisawa,59.5,165,Japan,45,Stray Cats Fight Team,MMA,Male,3,4,0,1,1,0,0,0,0,3,0,0,0
Akkaradet Guaybangkorlaem,51.8,163,Thailand,23,Guaybangkorlaem,Muay Thai,NA,0,1,0,0,0,0,0,0,0,0,0,0,0
Akram “La Pepite” Hamidi,56.7,168,Algeria / France,26,Team Valente,Muay Thai,Male,2,2,0,2,0,0,0,0,0,0,0,1,0
Akuri Ronda,65.8,170,Japan,36,Shingikan MMA,MMA,NA,0,1,0,0,0,0,0,0,0,0,0,1,0
Alan “The Apprentice” Philpott,70.3,170,Northern Ireland,32,IMMA / Legends Gym Kensington,MMA,NA,2,2,0,1,0,0,1,0,0,2,0,0,0
Alan “Emperador” Yauny,-1,173,Argentina,28,Bangtao Muay Thai & MMA,Muay Thai,NA,0,1,0,0,0,0,0,0,0,0,0,1,0
Alaverdi “Babyface Killer” Ramazanov,65.5,180,Russia,30,Team Mehdi Zatout,Kickboxing,Male,7,6,0,1,0,0,2,1,1,0,0,2,1
Alber “Magayver” Da Silva,61.9,170,Brazil,28,Chiquerim Team / Impakt MMA,Muay Thai,NA,0,3,0,0,0,0,0,0,1,1,0,0,0
Aleksandra Savicheva,-1,165,Russia,26,Global Fight Gym / Raty Team,MMA,NA,1,1,0,1,0,0,0,0,0,1,0,0,0
Alessandro “The Italian Ferrari” Sara,65.8,179,Italy,23,Jitmuangnon Gym,Muay Thai,NA,0,2,0,0,0,0,0,0,0,0,0,0,0
Alessio Malatesta,67.7,175,Italy,23,Team Malatesta,Muay Thai,NA,2,2,0,1,0,0,0,0,0,0,0,1,0
Alex Bublea,-1,181,Romania,36,PK Saenchai Muaythaigym,Muay Thai,NA,1,0,0,0,0,0,1,0,0,0,0,0,0
Alex “The Viking” Roberts,01.8,192,Australia,35,The Pit,Muay Thai,Male,0,2,0,0,0,0,0,0,1,0,0,0,0
Alex “Little Rock” Silva,56.7,162,Brazil,42,Evolve MMA,MMA,Male,11,9,0,0,9,0,2,0,1,0,0,4,4
Alexandr Skvortsov,-1,178,Russia,27,PancherNN,Muay Thai,NA,1,0,0,0,0,0,0,0,0,0,0,0,0
Alexey Balyko,63.1,170,Russia,31,Tiger Muay Thai,Muay Thai,Male,3,3,0,0,0,0,1,0,0,0,0,2,0
Alexy Lyapunov,-1,180,Russia,30,Tiger Muay Thai,MMA,NA,0,1,0,0,0,0,0,0,0,0,0,0,1
Alfie Ponting,-1,180,United Kingdom,19,Masda Gym Liverpool,Muay Thai,NA,0,1,0,0,0,0,0,0,0,0,0,0,0
Ali Aliev,77.1,178,Russia,26,Team Mehdi Zatout,Muay Thai,NA,0,1,0,0,0,0,0,0,0,0,0,1,0
Ali Kabdulla,-1,178,Kazakhstan,29,Tiger Muay Thai,MMA,NA,2,0,0,2,0,0,0,0,0,0,0,0,0
Ali-Khan Ergeshov,63,178,Kyrgyzstan,22,Tiger Muay Thai,Muay Thai,NA,0,1,0,0,0,0,0,0,1,0,0,0,0
Ali “The King” Koyuncu,63.1,175,Turkey,24,Team Reza Goodary,Muay Thai,NA,1,0,0,0,0,0,1,0,0,0,0,0,0
Ali Motamed,65.8,168,Iran,34,Team Envisage,MMA,NA,2,3,0,0,0,0,1,1,3,0,0,0,0
Ali Saldoev,62.5,173,Russia,24,Archangel Michel,Muay Thai,Male,1,1,0,0,0,0,0,0,0,0,0,0,0
Ali Serik,56.5,172,Kazakhstan,20,Titan Fight Club,Kickboxing,NA,0,1,0,0,0,0,0,0,0,0,0,0,0
Aliasghar Ghodratisaraskan,61.2,176,Iran,28,Family Muay Thai,Kickboxing,NA,0,1,0,0,0,0,0,0,0,0,0,0,0
Alibeg Rasulov,77.3,184,Turkey,32,Hyperion Fighters,MMA,Male,1,0,1,0,0,0,1,0,0,0,0,0,0
Aliff Sor Dechapan,61.6,177,Malaysia / Thailand,21,Sor Dechapan,Muay Thai,Male,7,2,0,1,0,0,2,0,0,0,0,1,1
Allan Albindo,58.5,165,Philippines,28,Yaw-Yan Ardigma Cebu,MMA,NA,1,2,0,1,0,0,0,0,0,0,0,1,1
Alisson Barbosa,77.1,183,Brazil,35,Phuket Fight Club,MMA,NA,1,1,0,0,1,0,0,0,1,0,0,0,0
Alma Juniku,52.2,163,Australia,24,Modern Warrior Muay Thai,Muay Thai,Male,0,3,0,0,0,0,0,0,0,0,0,2,0
Alyona Rassohyna,52.2,157,Ukraine,34,Yarost Gym,MMA,Male,1,2,0,0,1,0,0,0,1,0,0,0,1
Alyse “Lil' Savage” Anderson,51.9,165,United States,30,MMA Masters,MMA,Male,1,3,0,0,1,0,0,0,0,0,0,2,0
Amanda “Tubby” Alequin,56,165,Ecuador / United States,30,Alliance,Grappling,Male,0,1,0,0,0,0,0,0,0,0,0,1,0
Amarsanaa “Spear” Tsogookhuu,77.1,178,Mongolia,34,Team Amaraa,MMA,Male,2,1,0,0,0,0,2,0,0,0,0,0,0
Amber “AK 47” Kitchen,58.1,170,United Kingdom,26,Bad Company,Muay Thai,Male,0,4,0,0,0,0,0,0,0,0,0,3,1
Amil “The Problem” Shahmarzade,60.8,174,Azerbaijan,30,Tiger Muay Thai,Muay Thai,NA,0,2,0,0,0,0,0,0,0,0,0,1,0
Amir “The Tiger” Abdulmuslimov,60.8,176,Russia,22,Team Mehdi Zatout,Muay Thai,NA,1,2,0,0,0,0,0,0,0,0,0,1,1
Amir El Dakkak,-1,178,Sweden,21,Team Mehdi Zatout,Muay Thai,NA,0,1,0,0,0,0,0,0,0,0,0,1,0
Amir Khan,76.7,180,Singapore,30,Evolve MMA,MMA,Male,13,9,0,5,2,0,1,2,0,2,0,2,2
Amir Naseri,60.9,175,Iran / Malaysia,33,Tiger Muay Thai,Muay Thai,Male,0,3,0,0,0,0,0,0,0,0,0,3,0
Amnartdet Sitnayokmot,-1,165,Thailand,21,Sor Phumipat,Muay Thai,NA,0,1,0,0,0,0,0,0,1,0,0,0,0
Amnuaydet Wor Wantawee,-1,161,Thailand,28,Wor Wantawee,Muay Thai,NA,1,0,0,0,0,0,0,0,0,0,0,0,0
Amy Pirnie,-1,162,Scotland,31,Inferno Muay Thai,Muay Thai,Male,1,1,0,0,0,0,0,0,0,0,0,1,0
An Bunhour,-1,160,Cambodia,28,Kiatsongrit gym,Muay Thai,NA,0,1,0,0,0,0,0,0,1,0,0,0,0
Anacleto “Tenacity” Lauron,70,167,Philippines,33,FightYard Fabricio,MMA,NA,0,1,0,0,0,0,0,0,0,1,0,0,0
Andre “Deco” Galvao,92,170,Brazil,42,Atos Jiu-Jitsu,Submission Grappling,NA,0,0,1,0,0,0,0,0,0,0,0,0,0
Andrei “Mr. KO” Stoica,100.6,188,Romania,37,Stoica Brothers Fight Academy,Kickboxing,Male,3,3,0,0,0,0,1,0,0,0,0,2,1
Andrey Chelbaev,56.7,166,Russia,30,Tiger Muay Thai,MMA,NA,1,1,0,0,0,0,1,0,1,0,0,0,0
Andrey Khromov,65.8,181,Russia,34,Imperia club,Muay Thai,NA,0,1,0,0,0,0,0,0,0,0,0,0,0
Andrii Mezentsev,53.5,168,Ukraine,25,Muay Thai Spirit / Revolution Muay Thai Phuket,Muay Thai,NA,0,2,0,0,0,0,0,0,0,0,0,1,1
Angela Chang,-1,157,United States,33,Looksuan,Muay Thai,NA,0,1,0,0,0,0,0,0,0,0,0,1,0
Angelos “The Bullet” Giakoumis,61,167,Greece,31,BG Kickboxing / Power House Phuket,Muay Thai,NA,0,2,0,0,0,0,0,0,0,0,0,2,0
Anissa “C18” Meksen,52,168,Algeria / France,36,Korean Tiger Studios,Kickboxing,Male,4,2,0,1,0,0,3,0,0,0,0,2,0
Anita Karim,51.7,153,Pakistan,28,Fairtex Training Center,MMA,NA,3,0,0,0,1,0,2,0,0,0,0,0,0
Anna “Supergirl” Jaroonsak,53.1,172,Thailand,21,Jaroonsak Muaythai,Kickboxing,Male,3,2,0,0,0,0,1,1,1,0,0,0,1
Anna Lia “Tremate” Moretti,56.1,167,Italy,34,Team Reza Goodary,Kickboxing,NA,0,1,0,0,0,0,0,0,0,0,0,1,0
Antar Kacem,65.4,183,Belarus / France,26,Team Mehdi Zatout / Team Nasser K,Muay Thai,NA,5,3,0,0,0,0,1,2,0,0,0,1,1
“The Antidote” Anthony Do,56.7,163,United States,31,American Kickboxing Academy,MMA,NA,1,1,0,0,1,0,0,0,0,0,0,1,0
Anton Petrov,-1,178,Bulgaria,25,Anton Petrov Academy / Phuket Fight Club,Muay Thai,NA,1,1,0,1,0,0,0,0,0,0,0,1,0
Anton Salchak,53.9,161,Russia,29,Red Eagles,Muay Thai,NA,0,1,0,0,0,0,0,0,0,0,0,1,0
Antonio Bushev,-1,183,Bulgaria,27,Armeec Gym,MMA,NA,0,1,0,0,0,0,0,0,0,0,0,1,0
Antonio “The Spartan” Caruso,77.1,180,Australia,34,Hard Knocks 365,MMA,Male,1,1,0,0,0,0,1,0,0,0,0,1,0
Antonio Mammarella,-1,183,Australia,25,MMAFFT,MMA,Male,0,2,0,0,0,0,0,0,0,1,0,1,0
Antonio Orden,56.2,172,Spain,33,El Origen Thaimartin,Muay Thai,NA,1,0,0,0,0,0,0,1,0,0,0,0,0
Anurak Wankhongohm MBK,61.2,170,Thailand,23,TDed99,Muay Thai,NA,0,1,0,0,0,0,0,0,1,0,0,0,0
Apidet FiatPathum,55,175,Thailand,19,Fiatpathum,Muay Thai,NA,1,1,0,0,0,0,0,0,0,0,0,0,1
Apisit Fairtex,-1,172,Thailand,37,Fairtex Training Center,Muay Thai,NA,1,0,0,0,0,0,1,0,0,0,0,0,0
Apiwat Sor Somnuk,58.8,165,Thailand,32,Sor Somnuk,Muay Thai,NA,3,3,0,0,0,0,1,0,0,0,0,1,1
Aqib “The Alpha” Awan,56.7,167,Pakistan,29,Phuket Fight Club / Team Fight Fortress,MMA,NA,0,1,0,0,0,0,0,0,1,0,0,0,0
Arashi “Storm” Sakamoto,54.4,168,Japan,19,King Boxing Camp,Muay Thai,NA,0,1,0,0,0,0,0,0,0,0,0,0,0
Arian “Destroyer” Esparza,67.8,175,United States,22,Sakasit PRS Gym,Muay Thai,Male,0,1,0,0,0,0,0,0,0,0,0,1,0
Arian “Game Over” Sadikovic,76.7,181,Bosnia and Herzegovina / Germany,30,Fightschool Hannover / Team CSK,Kickboxing,Male,2,1,0,0,0,0,2,0,0,0,0,1,0
Ariel “Tarzan” Sexton,75.7,178,Canada / Costa Rica,43,Renzo Gracie Fight Academy / Team Daniel Gracie,MMA,Male,5,3,0,1,4,0,0,0,1,0,0,1,1
Arif “Ayep Sc” Izzudin,56.7,163,Malaysia,34,Equinox MMA,MMA,NA,0,2,0,0,0,0,0,0,2,0,0,0,0
Arsenio “The Filipino Assassin” Balisacan,56.7,168,Philippines,29,T-Rex MMA,MMA,NA,0,1,0,0,0,0,0,0,1,0,0,0,0
Artem Belakh,65.8,173,Russia,29,10th Planet Krasnodar / Tiger Muay Thai,MMA,Male,2,1,0,1,0,0,1,0,1,0,0,0,0
Asa “The American Ninja” Ten Pow,65.4,173,United States,35,Florida Kickboxing Academy,Muay Thai,Male,3,2,0,2,0,0,0,0,1,0,0,0,0
Asadula Imangazaliev,60.2,180,Russia,21,Team Mehdi Zatout,Muay Thai,NA,4,0,0,0,0,0,1,0,0,0,0,0,0
Asahi Shinagawa,56.7,168,Japan,23,PK Saenchai Muaythaigym,Muay Thai,NA,1,1,0,0,0,0,0,1,0,0,0,0,0
Asha “Knockout Queen” Roka,52.2,159,India / Nepal,26,Sanshinkan,MMA,Male,0,3,0,0,0,0,0,0,0,2,0,1,0
Ashley Williams,-1,178,United Kingdom,32,Draig,Submission Grappling,Male,0,1,0,0,0,0,0,0,0,0,0,1,0
Ashraf Fauzi,70.3,177,Singapore,32,Juggernaut Fight Club,MMA,NA,0,1,0,0,0,0,0,0,1,0,0,0,0
Aslamjon Ortikov,57.7,174,Uzbekistan,21,Sport club Shakhriyor / TC Muaythai,Muay Thai,NA,6,0,0,1,0,0,3,0,0,0,0,0,0
Aslanbek Zikreev,56.5,165,Russia,29,Kuzbass Muay Thai,Kickboxing,Male,2,3,0,0,0,0,0,2,0,0,0,2,1
Asliddin “Uzbek Tiger” Eshankulov,69.9,170,Uzbekistan,27,Fight Geek / Raqobat Fight,MMA,NA,1,0,0,0,1,0,0,0,0,0,0,0,0
Asset “Namur” Anarbayev,64.8,173,Kazakhstan,24,Tiger Muay Thai,MMA,NA,0,1,0,0,0,0,0,0,0,0,0,1,0
Asuka Tsubaki,70.3,173,Japan,29,Try Dent Gym,MMA,NA,2,0,0,1,0,0,1,0,0,0,0,0,0
Attachai Kelasport,54.8,168,Thailand,22,Boxing Army 3,Muay Thai,NA,1,0,0,0,0,0,1,0,0,0,0,0,0
Aung La “The Burmese Python” N Sang,92.2,185,Myanmar [Burma],39,Kill Cliff FC,MMA,Male,14,5,0,5,4,0,2,0,1,1,0,2,0
Avatar PK Saenchai,64.9,172,Thailand,31,PK Saenchai Muaythaigym,Muay Thai,NA,5,4,0,0,0,0,3,1,0,0,0,1,1
Avazbek “Ninzya” Kholmirzaev,56.7,175,Uzbekistan,24,Raqobat,MMA,NA,5,1,0,1,4,0,0,0,0,0,0,1,0
Avliyohon “Uzbek Boen” Hamidov,-1,169,Uzbekistan,34,Fight Geek,MMA,NA,0,1,0,0,0,0,0,0,1,0,0,0,0
Award “The African Venom” Kazimba,62.3,177,Uganda,26,King of Muaythai,Muay Thai,NA,0,1,0,0,0,0,0,0,0,0,0,1,0
Ayad Albadr,57,172,Iraq,23,Venum Training Camp,Muay Thai,NA,1,2,0,0,0,0,1,0,0,0,0,2,0
Ayaka “Zombie” Miura,51.5,157,Japan,34,Tribe Tokyo MMA,MMA,Male,8,4,0,0,7,0,1,0,2,0,0,2,0
Little Tiger,52.2,157,Japan,41,Team Thai-Yo,Muay Thai,NA,0,2,0,0,0,0,0,0,0,0,0,2,0
“A.J.” Ayideng Jumayi,65.8,173,China,33,Longyun MMA,MMA,Male,0,2,0,0,0,0,0,0,1,0,0,1,0
“Tianshan Eagle” Ayijiake Akenbieke,70.3,175,China,30,Hebei Wanshi Fight Club,MMA,NA,1,1,0,0,0,0,1,0,0,0,0,1,0
Ayoub Bahri,-1,193,Algeria,22,Sor Dechapan,Muay Thai,NA,0,1,0,0,0,0,0,0,0,0,0,1,0
Azize “The Magician” Hlali,65.8,180,Morocco,34,Venum Training Camp,Muay Thai,Male,0,1,0,0,0,0,0,0,0,0,0,1,0
Babar “The Flogger” Ali,-1,175,Afghanistan,22,KAKS,MMA,NA,1,1,0,0,0,0,1,0,0,0,0,1,0
Baktygul Kurmanbekova,-1,156,Kyrgyzstan,20,JFC Bishkek,MMA,NA,0,1,0,0,0,0,0,0,0,0,0,1,0
Bampara Kouyate,70.1,187,France / Mali,29,Team Mehdi Zatout,Muay Thai,Male,2,1,0,2,0,0,0,0,0,0,0,1,0
Banluelok Sitwatcharachai,-1,159,Thailand,28,Detrat,Muay Thai,NA,2,0,0,0,0,0,0,0,0,0,0,0,0
Banma “The Prince” Duoji,60.6,173,China,27,Enbo Gedou,MMA,Male,2,2,0,1,0,0,1,0,1,0,0,1,0
Banna Hayashi,57,170,Japan,21,RS Team,Muay Thai,NA,1,1,0,0,0,0,0,0,0,0,0,1,0
Banpot “The Machine” Lertthaisong,76.3,180,Thailand,30,Heavy Martial Arts,Submission Grappling,NA,0,1,0,0,0,0,0,0,0,1,0,0,0
Baramee Sujeebameekiew,62.4,169,Thailand,24,Sujeebameekiew,Muay Thai,NA,1,1,0,0,0,0,0,0,0,0,0,0,0
Barbara Aguiar,-1,166,Brazil,29,Phuket Fight Club,Muay Thai,NA,0,1,0,0,0,0,0,0,0,0,0,1,0
Bartosz “Cossack” Skrok,69.9,175,Poland,32,Matrix MMA / Tiger Muay Thai,MMA,NA,0,0,1,0,0,0,0,0,0,0,0,0,0
Batman Or Atchariya,61,173,Thailand,29,Kiatphet Gym,Muay Thai,NA,1,2,0,0,0,0,0,0,0,0,0,1,0
Batochir Batsaikhan,-1,176,Mongolia,24,Teiwaz Striking,MMA,NA,1,0,0,1,0,0,0,0,0,0,0,0,0
Batradz “Cannibal” Gazzaev,04,185,Russia,33,Alania Fighting Team,MMA,NA,0,1,0,0,0,0,0,0,1,0,0,0,0
Beckham Bigwinchampiongym,-1,178,Japan / Thailand,28,Banchamek Gym,Muay Thai,NA,1,0,0,0,0,0,1,0,0,0,0,0,0
Bektur Zhenishbek Uulu,56.7,162,Kyrgyzstan,25,Katran,MMA,NA,1,0,0,0,0,0,1,0,0,0,0,0,0
Ben Parker,-1,188,United States,42,Q23 / Temple BJJ,MMA,NA,0,1,0,0,0,0,0,0,0,0,0,0,0
Ben “Vanilla Thunder” Tynan,05.6,191,Canada,31,Elevation Fight Team,MMA,Male,1,0,1,0,1,0,0,0,0,0,0,0,0
Ben Wilhelm,83.2,175,United States,35,Gracie Technics,MMA,NA,0,2,0,0,0,0,0,0,0,1,0,1,0
Beybulat Isaev,101.8,190,Russia,31,Fight Club NORD 86,Muay Thai,Male,4,2,0,1,0,0,2,0,0,0,0,0,0
Bhumjaithai Mor Tor 1,55.7,170,Thailand,22,PK Saenchai Muaythaigym,Muay Thai,NA,1,1,0,1,0,0,0,0,0,0,0,1,0
Bi “Killer Bee” Nguyen,52.1,150,United States / Vietnam,35,Heritage Muay Thai / Xtreme Couture,MMA,Male,3,5,0,1,0,0,0,2,0,0,0,4,1
“Fate Warrior” Bian Ye,56.7,169,China,34,Benxi Shangwu Fight Club,MMA,NA,2,0,0,1,0,0,1,0,0,0,0,0,0
Bianca Basilio,59.4,160,Brazil,29,Almeida Jiu Jitsu,Submission Grappling,Male,2,1,0,0,2,0,0,0,0,0,0,1,0
Bibiano “The Flash” Fernandes,66.8,170,Brazil / Canada,45,AMC Pankration,MMA,Male,12,4,0,0,4,1,3,3,0,0,0,2,1
Binladin Sangmorakot,-1,164,Thailand,24,Sangmorakot,Muay Thai,NA,0,1,0,0,0,0,0,0,0,0,0,0,0
Bismarck Gomes,-1,183,Brazil,31,Evolve MMA,MMA,NA,1,0,0,0,1,0,0,0,0,0,0,0,0
Black Panther,62.5,168,Thailand,25,Team Mehdi Zatout,Muay Thai,Male,3,1,0,0,0,0,1,1,0,0,0,0,0
Blair “The Bomber” Geraghty,60.9,175,Australia,18,Tiger Muay Thai,Muay Thai,NA,0,1,0,0,0,0,0,0,0,0,0,1,0
Blake Cooper,75.9,170,United States,28,0,MMA,Male,0,2,0,0,0,0,0,0,1,1,0,0,0
BM Fairtex,54.9,171,Thailand,21,Fairtex Training Center,Muay Thai,NA,1,2,0,0,0,0,1,0,0,0,0,0,0
Bo Fu Fan,83.9,182,China,32,Xiangwang Fight Club,Kickboxing,NA,1,0,0,0,0,0,0,0,0,0,0,0,0
Bobirjon “Prince” Isroilov,60.2,174,Uzbekistan,26,Flipside / Legion Fight Club,Muay Thai,NA,0,1,0,0,0,0,0,0,0,0,0,0,0
Bogdan Shumarov,76.3,180,Bulgaria,28,SB Gym,Kickboxing,Male,2,1,0,1,0,0,0,0,0,0,0,0,1
Bogdan “Bucharest Bad Boy” Stoica,102.1,193,Romania,35,Stoica Brothers Fight Academy,Kickboxing,NA,0,1,0,0,0,0,0,0,0,0,0,1,0
Bokang “Little Giant” Masunyane,56.5,155,South Africa,30,Coach Quan University,MMA,Male,4,3,0,0,0,0,3,0,0,1,0,2,0
Bolat “Nightmare” Zamanbekov,61.1,165,Kazakhstan,28,DAR Team / KROC Sports,MMA,NA,0,2,0,0,0,0,0,0,0,1,0,0,0
Boonchu Sor Boonmeerit,55.1,178,Thailand,20,Sor Boonmeerit,Muay Thai,NA,0,1,0,0,0,0,0,0,0,0,0,0,0
Boonlert Sor Boonmeerit,66.2,180,Thailand,19,Sor Boonmeerit,Muay Thai,NA,0,1,0,0,0,0,0,0,0,0,0,0,0
Brandon “The Truth” Vera,120.2,191,Philippines,47,Alliance Training Center,MMA,Male,4,3,0,2,0,0,0,0,3,0,0,0,0
Brazil M Eakchat,56.3,171,Thailand,19,Aekmuangnon,Muay Thai,NA,3,2,0,0,0,0,2,1,1,0,0,1,0
Brett “The American Nomad” Pastore,76.6,178,United States,30,Tiger Muay Thai,MMA,NA,1,1,0,0,0,0,1,0,0,1,0,0,0
Brooke Farrell,56.7,165,Australia,33,Power House Phuket,Muay Thai,NA,0,1,0,0,0,0,0,0,0,0,0,0,0
Bruno “Macaco” Azevedo,-1,166,Brazil,34,Phuket Fight Club / Spitfire Gym Berlin,Submission Grappling,NA,1,1,0,0,1,0,0,0,0,1,0,0,0
Bryan Tee,56.7,168,Singapore,27,Evolve MMA,Muay Thai,NA,0,1,0,0,0,0,0,0,0,0,0,0,0
Buakhiao Por Paoin,61.7,177,Thailand,23,N&P Boxing Gym,Muay Thai,NA,4,1,0,0,0,0,3,1,0,0,0,0,0
Marcus “Buchecha” Almeida,117.5,191,Brazil,34,American Top Team / Evolve MMA,MMA,Male,5,1,0,1,4,0,0,0,0,0,0,1,0
Burengnong Lukjaoporongtom,-1,168,Thailand,21,Kiatpet,Muay Thai,NA,0,1,0,0,0,0,0,0,0,0,0,1,0
Byung Hee “The Lucky Guy” Lim,77.1,177,South Korea,28,Extreme Combat,MMA,NA,1,0,0,1,0,0,0,0,0,0,0,0,0
Cai Xiong Xiong,56.7,163,China,28,Sunkin International Fight Club,MMA,NA,2,3,0,1,0,0,0,0,0,2,0,1,0
Caitlin McEwen,56.7,163,Australia,28,Stockade Training Center,MMA,NA,1,0,0,0,1,0,0,0,0,0,0,0,0
“One Punch Man” Capitan Petchyindee,65.6,169,Thailand,32,Petchyindee Academy,Muay Thai,NA,3,2,0,0,0,0,1,0,0,0,0,1,1
Carlo Bumina-ang,65.5,162,Philippines,31,Team Lakay,MMA,Male,7,1,0,2,2,0,0,1,0,1,0,0,0
Carlos Alvarez,73.3,173,Philippines,26,Team Lakay,MMA,NA,5,1,0,2,3,0,0,0,1,0,0,0,0
Celest Hansen,51.7,162,Australia,31,Fairtex Training Center,Muay Thai,Male,3,4,0,1,0,0,1,1,1,0,0,2,1
Cep Holik,56.7,165,Indonesia,36,PPSI,MMA,NA,0,1,0,0,0,0,0,0,0,0,0,1,0
Chabakaew Sor KanJanchai,51.6,157,Thailand,19,Luk Chaomae Saithong,Muay Thai,NA,3,1,0,0,0,0,1,1,0,0,0,1,0
Chalamdam Sor Boonmeerit,56.2,167,Thailand,24,Sor Boonmeerit,Muay Thai,NA,2,1,0,2,0,0,0,0,0,0,0,0,0
Chalarm Paranchai,-1,171,Thailand,29,Paranchai,Muay Thai,NA,1,0,0,0,0,0,0,0,0,0,0,0,0
Chalarmdam “King Speed” Nayokatasala,-1,165,Thailand,19,Sor Chokmeechai,Muay Thai,NA,0,1,0,0,0,0,0,0,0,0,0,0,0
Chalawan Ngorbangkapi,54.7,168,Thailand,31,Sor Sommai,Muay Thai,NA,2,3,0,0,0,0,0,0,0,0,0,0,0
Chalie Singha Mawynn,56.3,170,Thailand,22,Singha Mawynn Muay Thai,Muay Thai,NA,1,2,0,0,0,0,0,0,0,0,0,1,0
Chalongsuk Jacksonmuaythai,59.6,168,Thailand,36,Jackson Muay Thai Gym,Muay Thai,NA,0,1,0,0,0,0,0,0,0,0,0,0,0
Chama Superbon Training Camp,66.5,172,Thailand,26,Superbon Training Camp,Muay Thai,NA,1,0,0,0,0,0,1,0,0,0,0,0,0
Champangarm Por Pramuk,-1,165,Thailand,25,Por Pramuk,Muay Thai,NA,0,1,0,0,0,0,0,0,0,0,0,0,0
Chan Rothana,63.9,169,Cambodia,39,FFG / Selapak,MMA,Male,6,5,0,5,0,0,1,0,2,2,0,1,0
Chanajon PK Saenchai,-1,180,Thailand,36,PK Saenchai Muaythaigym,Muay Thai,NA,3,2,0,0,0,0,1,1,0,0,0,1,0
Chang Ho Lee,65.8,173,South Korea,30,Team Max,MMA,NA,1,0,0,1,0,0,0,0,0,0,0,0,0
Chang Shuai,77.1,179,China,32,Baoding Hunter,MMA,NA,1,2,0,0,0,0,1,0,0,2,0,0,0
Changthong M U Den,-1,176,Thailand,20,FA Group / M U Den,Muay Thai,NA,0,2,0,0,0,0,0,0,0,0,0,0,0
Changy “Boyka” Kara-Ool,56.7,165,Russia,27,Red Eagles,MMA,NA,2,2,0,1,0,0,0,0,0,2,0,0,0
Chaongoh Jitmuangnon,60.1,165,Thailand,22,Jitmuangnon Gym,Muay Thai,NA,1,1,0,1,0,0,0,0,0,0,0,0,0
Chartmungkorn Chor Hapayak,61.3,165,Thailand,24,Chor Hapayak,Muay Thai,NA,0,1,0,0,0,0,0,0,0,0,0,0,0
Chartpayak Saksatoon,56.3,168,Thailand,26,Kiatpetch,Muay Thai,NA,6,0,0,0,0,0,1,0,0,0,0,0,0
Chatanan Sor Jor Joyprajin,57.7,172,Thailand,21,An Sukhumvit,Muay Thai,NA,2,1,0,1,0,0,0,0,0,0,0,0,0
Chathai Bang Saen Fight Club,-1,170,Thailand,21,Bangsaen Fight Club,Muay Thai,NA,1,0,0,0,0,0,0,1,0,0,0,0,0
Chatpichit Sor Sor Toipadriew,51.1,160,Thailand,25,SorSorToipadriew,Muay Thai,NA,4,2,0,0,0,0,3,0,0,0,0,2,0
Chayan Oorzhak,65.5,168,Mongolia / Russia,33,IdeaJJ Team,MMA,NA,3,1,0,2,0,0,1,0,0,1,0,0,0
Chellina Chirino,56.1,166,Curaçao / Netherlands,25,Days Gym / Tiger Muay Thai,Kickboxing,NA,0,3,0,0,0,0,0,0,0,0,0,1,1
Chen Hao,68.1,170,China,31,Longyun MMA,MMA,NA,1,0,0,0,0,0,1,0,0,0,0,0,0
Chen “Imperial Edict” Jia Yi,61.2,180,China,24,Anhui Tianxia Huihuang Fight Club,Kickboxing,NA,1,0,0,0,0,0,1,0,0,0,0,0,0
Chen Jiayi,-1,180,China,24,Anhui Tianxia Huihiang Fight Club,Muay Thai,NA,0,1,0,0,0,0,0,0,1,0,0,0,0
“The Ghost” Chen Rui,65.7,170,China,28,Chengdu Ashura Fight Club,MMA,Male,5,5,0,2,0,0,2,1,2,1,0,1,1
Chihiro Sawada,51.4,150,Japan,27,AACC,MMA,Male,3,1,0,0,1,0,2,0,0,0,0,1,0
Chloe “Cupcake” Cooke,51.4,158,United Kingdom,24,Team Underground,MMA,NA,0,1,0,0,0,0,0,0,0,0,0,1,0
Cho “Hanma Baki” Gyu Jun,-1, 75,South Korea,20,Yatcha Club Gym,MMA,NA,0,1,0,0,0,0,0,0,0,1,0,0,0
Cho “Tyrant” Joon Gun,-1,160,South Korea,18,Team Marco / The Gym Lab,MMA,NA,0,2,0,0,0,0,0,0,1,1,0,0,0
Choi Jeong Yun,59,174,South Korea,27,The Gym Lab,MMA,NA,0,2,0,0,0,0,0,0,2,0,0,0,0
Chokdee Maxjandee,-1,160,Thailand,27,Sor Sommai,Muay Thai,NA,3,4,0,1,0,0,1,0,0,0,0,1,0
Chokpreecha PK Saenchai,56.2,161,Thailand,32,PK Saenchai Muaythaigym,Muay Thai,NA,4,1,0,0,0,0,1,0,0,0,0,1,0
Chorfah Tor Sangtiennoi,59.7,170,Thailand,31,Sangtiennoi Gym,Muay Thai,NA,4,3,0,0,0,0,1,1,1,0,0,1,0
Chris Shaw,65.5,180,Scotland,35,Higher Level MMA,Muay Thai,Male,0,2,0,0,0,0,0,0,0,0,0,2,0
Chu Nga Sze,49.8,163,Hong Kong SAR China,25,Singpatong Gym,Muay Thai,NA,0,1,0,0,0,0,0,0,0,0,0,0,0
Chusap Sor Salacheep,53.3,165,Thailand,25,Sor Salacheep,Muay Thai,NA,0,2,0,0,0,0,0,0,2,0,0,0,0
Chusuan Chumaroonfarm,-1,182,Thailand,21,Sor Sommai,Muay Thai,NA,0,1,0,0,0,0,0,0,0,0,0,1,0
Claire “Chun-Li” Rankine,-1,167,Scotland,30,Phuket Top Team,Muay Thai,NA,0,1,0,0,0,0,0,0,0,0,0,0,0
Claudia Diaz,52.2,162,Spain,29,Tiger Muay Thai,MMA,NA,0,1,0,0,0,0,0,0,1,0,0,0,0
Cleber “Clandestino” Sousa,61.1,165,Brazil,29,Almeida Jiu Jitsu,Submission Grappling,Male,1,1,0,0,1,0,0,0,0,0,0,1,0
Cody Jerome,-1,-1,Canada,0,1,Muay Thai,Male,0,1,0,0,0,0,0,0,1,0,0,0,0
Colbey Northcutt,61.2,175,United States,32,Treigning Lab,MMA,Male,2,0,0,0,1,0,1,0,0,0,0,0,0
Cole Abate,75.3,-1,United States,20,Art of Jiu-Jitsu Academy,Submission Grappling,Male,1,0,0,0,1,0,0,0,0,0,0,0,0
Colton “The Monster” Kielbasa,59.5,163,United States,1 ,Marrok Force,MMA,NA,1,0,0,0,1,0,0,0,0,0,0,0,0
Comeback TK Yutthana,-1,175,Thailand,22,TK Yuthanna,Muay Thai,NA,0,1,0,0,0,0,0,0,0,0,0,0,0
Connor Tymon,-1,182,United Kingdom,28,Brotherhood MMA / Royal Fight Club,MMA,NA,1,0,0,1,0,0,0,0,0,0,0,0,0
Constantin “Lioncrusher” Rusu,76.5,180,Moldova / Russia,30,RLC Army,Kickboxing,Male,2,1,0,0,0,0,2,0,1,0,0,0,0
Coopar “Rush” Royal,61.1,169,Australia,25,Family Fight Team,MMA,NA,2,1,0,0,2,0,0,0,0,0,0,1,0
Copter Sor Sommai,57,172,Thailand,23,Sor Sommai,Muay Thai,NA,1,2,0,0,0,0,1,0,0,0,0,0,0
Cosmo “Good Boy” Alexandre,77.1,187,Brazil,42,Evolution MMA,Muay Thai,NA,3,1,0,0,0,0,0,0,0,0,0,0,0
Courtney “No Mercy” Martin,60.6,168,Australia,32,Wolves Den Perth,MMA,NA,0,1,0,0,0,0,0,0,0,1,0,0,0
Craig “Coco” Coakley,65.4,182,Ireland,32,Dublin Combat Academy,Muay Thai,NA,0,2,0,0,0,0,0,0,0,0,0,1,0
Craig Hutchison,75.7,183,Japan / United Kingdom,26,Carpe Diem,Submission Grappling,NA,1,1,0,0,1,0,0,0,0,0,0,1,0
Cristina Morales,52.2,167,Spain,31,Team Jesus Cabello,Muay Thai,Male,1,2,0,1,0,0,0,0,1,0,0,1,0
Dabdam Por Tor Tor Thongtawee,56,165,Thailand,25,Petsomnuck / Por Tor Tor Thongtawee,Muay Thai,NA,1,4,0,0,0,0,0,1,0,0,0,3,0
“Ottogi” Dae Hwan Kim,61.2,165,South Korea,38,KukJe Gym / Ryeong Promotion,MMA,Male,6,8,0,1,3,0,2,0,1,0,1,6,0
“Crazy Dog” Dae Sung Park,77,178,South Korea,31,Team Macho,MMA,Male,4,2,0,1,0,0,2,1,1,0,0,0,1
Dagi Arslanaliev,80.6,178,Turkey,30,2,MMA,Male,8,4,0,4,2,0,0,0,0,1,1,1,0
Dai Xiong Li,61.2,175,China,29,Chengdu Ashura Fight Club,Kickboxing,NA,0,1,0,0,0,0,0,0,1,0,0,0,0
Dalir “Kurdish Warrior” Moradian,-1,187,Iran,33,Bezhad Warrior Academy,MMA,NA,0,1,0,0,0,0,0,0,1,0,0,0,0
Dani Fall,-1,167,United Kingdom,27,Reaper Gym,Muay Thai,NA,0,1,0,0,0,0,0,0,0,0,0,0,1
“Mini T” Danial Williams,56.5,168,Australia / Thailand,31,Kao Sok Muay Thai / Scrappy MMA,Muay Thai,Male,4,6,0,0,0,0,2,0,2,0,0,3,0
Daniel Donchenko,-1,182,Ukraine,23,Tiger Muay Thai,MMA,NA,1,0,0,0,0,0,0,0,0,0,0,0,0
Daniel Puertas,61.2,172,Spain,32,Ultimate Fight School,Kickboxing,Male,1,2,0,0,0,0,0,1,0,0,0,2,0
Danila Vasilikhin,56.9,169,Russia,22,Team Mehdi Zatout,Muay Thai,NA,0,2,0,0,0,0,0,0,1,0,0,0,0
Daniyal Zainalov,92.6,183,Russia,39,Yugansk Fight Team,MMA,NA,1,0,0,0,0,0,0,1,0,0,0,0,0
Dankalong Sor Dechapan,-1,170,Thailand,19,Sor Dechapan,Muay Thai,NA,0,1,0,0,0,0,0,0,0,0,0,0,0
Danny “The King” Kingad,61.1,165,Philippines,29,Lions Nation MMA,MMA,Male,11,5,0,1,1,0,8,1,0,2,0,3,0
Dante Leon,76.8,-1,Canada,29,Pedigo Submission Fighting,Submission Grappling,Male,2,0,0,0,1,0,1,0,0,0,0,0,0
Darkie Nokkhao KorMor11,-1,173,Thailand,27,Nokkhao Kor Mor 11,Muay Thai,NA,0,1,0,0,0,0,0,0,0,0,0,0,0
Dave “Kintas” Bangguigui,56.7,163,Philippines,29,Fight Corps MMA,MMA,NA,3,2,0,0,1,0,1,0,1,0,0,1,0
David “DC” Cooke,70.3,182,United Kingdom,22,Knowlesy Academy / Team Underground,MMA,NA,1,1,0,1,0,0,0,0,0,0,0,0,1
Davit Kiria,70.3,170,Georgia,36,Team Kiria,Kickboxing,Male,1,4,0,1,0,0,0,0,1,0,0,3,0
Da Woon Jung,61.2,168,South Korea,32,Team POMA,MMA,NA,1,0,0,1,0,0,0,0,0,0,0,0,0
Dayane “Day Monster” Cardoso,56.4,160,Brazil,28,Carioca Academy,MMA,Male,1,1,0,1,0,0,0,0,0,0,0,1,0
Dedduanglek Wankhongohm MBK,60.2,175,Thailand,22,Wankhongohm MBK,Muay Thai,Male,5,3,0,0,0,0,5,0,1,0,0,1,0
Deepak Bhardwaj,-1,166,India,24,Bali MMA,MMA,NA,0,1,0,0,0,0,0,0,1,0,0,0,0
Den Sitnayoktaweeptaphong,-1,163,Thailand,28,Sak Buriram,Muay Thai,NA,0,1,0,0,0,0,0,0,0,0,0,0,1
Denis Andreev,65.6,175,Russia,30,Sakha Wrestling MMA,MMA,NA,0,1,0,0,0,0,0,0,0,0,0,0,1
Denis Burmatov,-1,178,Russia,27,Sibir,Muay Thai,NA,2,0,0,0,0,0,2,0,0,0,0,0,0
Denis “The Bosnian Menace” Puric,61.1,165,Bosnia and Herzegovina / Canada,40,Team CSK,Muay Thai,Male,3,4,1,0,0,0,2,0,1,0,0,2,0
Deniz “Bad Boy” Demirkapu,62.4,175,Morocco / Turkey,24,Petchsaman Gym / Team Elite Amsterdam,Muay Thai,NA,1,2,0,0,0,0,0,0,0,0,0,0,0
Denkriangkrai Singha Mawynn,58.8,168,Thailand,26,Singha Mawynn,Muay Thai,NA,4,5,0,0,0,0,1,2,0,0,0,5,0
Denpanom Pran26,72.8,179,Thailand,28,Pran 26,Muay Thai,NA,0,1,0,0,0,0,0,0,0,0,0,0,0
Denpayak Detpetchsrithong,59.4,176,Thailand,19,Detpetchsrithong,Muay Thai,NA,0,4,0,0,0,0,0,0,0,0,0,2,0
Denphuthai MC Superlek,61.2,169,Thailand,27,Superlek Muaythai,Muay Thai,NA,1,1,0,0,0,0,1,0,1,0,0,0,0
Detchanan Wor Wiangsa,-1,170,Thailand,18,Wor Wiangsa,Muay Thai,NA,0,1,0,0,0,0,0,0,0,0,0,0,0
Detphupa ChotBangsaen,50.9,158,Thailand,21,Wor Suksan,Muay Thai,NA,2,1,0,0,0,0,0,1,0,0,0,0,0
Detpichai NaweeAndaman,-1,167,Thailand,26,NaweeAndaman,Muay Thai,NA,0,1,0,0,0,0,0,0,0,0,0,0,0
Detrit LooksuanAutomuaythai,-1,180,Thailand,21,Looksuan,Muay Thai,NA,0,1,0,0,0,0,0,0,0,0,0,0,0
Devina Martin,-1,160,Australia,27,MauyU,Muay Thai,NA,0,1,0,0,0,0,0,0,1,0,0,0,0
Diandra Martin,57.2,172,Australia,29,MuayU,Muay Thai,Male,1,2,0,0,0,0,1,0,2,0,0,0,0
Diego Paez,61,170,Colombia / United States,31,Classic Fight Team,Muay Thai,Male,0,1,0,0,0,0,0,0,0,0,0,0,1
Dieselnoi Liamthanawat,57.2,172,Thailand,28,Sor Jor Lekmuangnon,Muay Thai,NA,0,2,0,0,0,0,0,0,0,0,0,2,0
“The Assassin” Ding Meng,77.1,187,China,30,Daqin Martial Arts MMA Club,MMA,NA,1,1,0,1,0,0,0,0,0,0,0,0,0
Dinneurthong Muadphong191,-1,163,Thailand,25,TDed99,Muay Thai,NA,0,1,0,0,0,0,0,0,1,0,0,0,0
Diogo “Baby Shark” Reis,-1,166,Brazil,23,Melqui Galvao,Submission Grappling,Male,1,0,0,0,1,0,0,0,0,0,0,0,0
Dionatha Santos Tobias,53.2,163,Brazil,25,Sor Dechapan,Muay Thai,NA,2,1,0,0,0,0,0,0,0,0,0,0,0
Dmitrii “The Silent Assassin” Kovtun,65.5,178,Russia,27,RUS Gym / Sitsongpeenong Muay Thai Camp,Muay Thai,Male,3,1,0,0,0,0,3,0,0,0,0,0,0
Dmitriy Babkin,-1,173,Russia,26,Raty,MMA,NA,0,1,0,0,0,0,0,0,0,0,0,1,0
Dmitriy Kireev,-1,180,Russia,26,Archangel Michel,Muay Thai,NA,1,0,0,0,0,0,1,0,0,0,0,0,0
Dmitry “SuperChan” Changelia,70.2,171,Russia,29,Legion,Kickboxing,NA,0,1,0,0,0,0,0,0,0,0,0,0,1
Dmitry Menshikov,76.8,180,Russia,27,Empire Club / Kuzbass Muay Thai,Muay Thai,Male,4,1,0,0,0,0,0,0,0,0,0,0,0
Dokmaipa PK Saenchai,60.8,165,Thailand,27,PK Saenchai Muaythaigym,Muay Thai,NA,0,1,0,0,0,0,0,0,0,0,0,0,0
Donking Yotharakmuaythai,59.4,170,Thailand,24,Yotharak Muaythai,Muay Thai,NA,4,0,0,0,0,0,1,0,0,0,0,0,0
Doraemon,-1,170,Thailand,36,Team Mehdi Zatout,Muay Thai,NA,0,1,0,0,0,0,0,0,0,0,0,1,0
Duangsompong Jitmuangnon,61,180,Thailand,26,Jitmuangnon Gym,Muay Thai,NA,4,3,0,0,0,0,2,1,0,0,0,1,0
Duke “The Duke of Canberra” Didier,105.6,194,Australia,35,Progression MMA,MMA,Male,0,1,1,0,0,0,0,0,0,0,0,0,1
Dunk Lukporphrayasua,63.8,170,Thailand,27,Lukporphrayasua,Muay Thai,NA,0,1,0,0,0,0,0,0,0,0,0,0,0
Dzhabir Dzhabrailov,-1,187,Turkey,20,Team Amir,MMA,NA,2,0,0,1,0,0,0,0,0,0,0,0,0
Dzhokhar Eskiev,60.9,168,Russia / Uzbekistan,27,Aliev Team,MMA,NA,1,0,0,1,0,0,0,0,0,0,0,0,0
Eddie “Silky Smooth” Abasolo,76,178,United States,38,The Resistance,Muay Thai,Male,1,4,0,0,0,0,0,0,0,0,0,3,1
Edilah “Ilah” Johany,52.2,152,Malaysia,32,Ewako MMA,MMA,NA,1,2,0,1,0,0,0,0,1,1,0,0,0
Edson “Trapdoor Spider” Machavane,60.5,175,Mozambique / South Africa,29,Creonte BJJ Gym,MMA,NA,1,0,0,1,0,0,0,0,0,0,0,0,0
Edson “Panico” Marques,76.5,183,Brazil,36,Libertas MMA,MMA,NA,2,2,0,1,0,0,1,0,0,0,0,0,0
Eduard “Landslide” Folayang,76.5,170,Philippines,41,Lions Nation MMA,MMA,Male,13,12,0,1,0,0,10,0,1,4,0,3,2
Eduard Saik,76.6,186,Russia,25,Archangel Michel,Muay Thai,NA,1,1,0,1,0,0,0,0,0,0,0,1,0
Eduardo “Dudu” Freitas,-1,180,Brazil,26,Phuket Fight Club,MMA,NA,0,1,0,0,0,0,0,0,0,0,0,0,0
Edward “The Ferocious” Kelly,70.3,174,Philippines,41,Lions Nation MMA,MMA,Male,9,8,0,2,3,1,1,1,3,1,0,2,0
Egi Rozten,56.7,170,Indonesia,37,IndoGym,MMA,Male,2,4,0,1,0,0,0,0,2,1,0,0,0
Egor Bikrev,61.3,176,Russia,22,City of Fighters / Kuzbass Muay Thai,Muay Thai,NA,2,0,0,1,0,0,0,0,0,0,0,0,0
Eh Mwi,63.1,168,Myanmar [Burma],22,Top One,Muay Thai,NA,2,2,0,0,0,0,0,0,0,0,0,2,0
Eisaku “Speed Actor” Ogasawara,59.9,171,Japan,29,Crosspoint Kichijoji,Muay Thai,Male,2,2,0,0,0,0,0,0,0,0,0,1,0
Ekaterina “Barbie” Vandaryeva,56.7,170,Belarus,34,Gridin Gym,Muay Thai,Male,1,4,0,0,0,0,1,0,0,0,0,1,1
Eko Roni Saputra,61.2,163,Indonesia,33,Evolve MMA,MMA,Male,7,4,0,0,6,0,0,0,2,0,0,1,0
Elad Suman,77,184,Ghana / Israel,26,Silapa Thai Gym,Muay Thai,NA,1,0,0,0,0,0,1,0,0,0,0,0,0
Elbrus “The Samurai” Osmanov,65.6,173,Russia,23,Akhmat Kickboxing / Team Mehdi Zatout,Kickboxing,NA,6,0,0,0,0,0,5,0,0,0,0,0,0
Elias Ghazali,-1,175,Malaysia / United States,22,Rentap Muay Thai Gym,Muay Thai,NA,2,1,0,0,0,0,2,0,0,0,0,1,0
Elias “The Sniper” Mahmoudi,61.3,178,Algeria,27,Mahmoudi Gym,Muay Thai,Male,4,2,1,1,0,0,2,0,0,0,0,0,0
Ellis “El Jefe” Badr Barboza,56.2,168,United Kingdom,24,Fairtex Training Center,Muay Thai,Male,1,1,1,0,0,0,0,1,1,0,0,0,0
Elmehdi “The Sniper” El Jamari,55.3,170,Morocco,27,Ostora Fighters World,Muay Thai,Male,1,0,0,0,0,0,0,0,0,0,0,0,0
Ely “The Dragon” Fernandez,60.1,165,Philippines,29,Index MMA,MMA,NA,0,1,0,0,0,0,0,0,0,1,0,0,0
Elyes Kacem,58.7,173,Algeria,19,Team Nasser K,Muay Thai,NA,1,1,0,0,0,0,0,0,0,0,0,0,0
Emilio “The Honey Badger” Urrutia,70.3,173,United States,38,Tiger Muay Thai,MMA,Male,2,4,0,0,0,0,1,0,2,1,0,0,0
Emily Chong,-1,163,Hong Kong SAR China,19,Sor Dechapan,Muay Thai,NA,1,1,0,0,0,0,1,0,0,0,0,1,0
Emran “Anaconda” Hafizoglu,76.5,179,Turkey,29,Phuket Fight Club,MMA,NA,0,1,0,0,0,0,0,0,0,0,0,1,0
Enkh-Orgil Baatarkhuu,65.5,168,Mongolia,36,Team Tungaa,MMA,Male,6,1,0,1,3,0,2,0,1,0,0,0,0
Enriko “The Hurricane” Kehl,69.2,177,Germany,33,Trans4mer Mainz,Kickboxing,Male,3,3,0,2,0,0,0,1,1,0,0,2,0
Enzo Clarisse,57.2,174,France,21,Team Mehdi Zatout,Kickboxing,NA,1,1,0,0,0,0,0,1,0,0,0,1,0
Erdem “The Professor” Taha Dincer,65.8,177,Turkey,24,WMC Lamai Muay Thai Gym,Muay Thai,NA,1,0,0,0,0,0,0,0,0,0,0,0,0
Erik Hehir,69.5,176,Sweden,26,Chanrit Muay Thai,Muay Thai,NA,0,1,0,0,0,0,0,0,1,0,0,0,0
Eros Baluyot,56.6,163,Philippines,32,Atos Jiu-Jitsu / Submission Sport Philippines,MMA,NA,1,0,0,0,1,0,0,0,0,0,0,0,0
Erzhan Zhanyshbek Uulu,-1,185,Kyrgyzstan,21,KROC Sports / Mashrapov Academy,MMA,NA,1,0,0,0,0,0,0,1,0,0,0,0,0
Estrada “El Presidente” Donga-as,57.3,163,Philippines,29,Team Lakay,MMA,NA,0,1,0,0,0,0,0,0,1,0,0,0,0
ET Wankhongohm MBK,58.5,176,Thailand,30,TDed99,Muay Thai,NA,3,2,0,0,0,0,1,0,1,0,0,0,0
Ev “ET” Ting,77.1,170,Malaysia / New Zealand,35,Auckland MMA,MMA,Male,8,5,0,1,2,0,2,2,1,2,0,1,1
Evgenii Antonov,72.6,175,Russia,25,bk Grusha / Evolve MMA,MMA,NA,1,0,0,1,0,0,0,0,0,0,0,0,0
Evgenii “The General” Morozov,-1,174,Russia,27,STORM Fight Team Tver,MMA,NA,0,1,0,0,0,0,0,0,1,0,0,0,0
Fabio Harada,-1,175,Brazil / Japan,24,In Fight Japan,MMA,NA,0,1,0,0,0,0,0,0,1,0,0,0,0
Fabio “Sensational” Reis,65.8,173,Portugal,27,Venum Training Camp,Muay Thai,Male,3,4,0,0,0,0,0,0,0,0,0,1,0
Fabricio “Hokage” Andrey,-1,165,Brazil,25,Melqui Galvao,Submission Grappling,Male,1,0,0,0,0,0,1,0,0,0,0,0,0
Face Erawan,55.7,166,Thailand,28,Erawan,Muay Thai,NA,3,0,0,0,0,0,0,0,0,0,0,0,0
Fahjarat Sor Dechapan,-1,164,Thailand,26,Sor Dechapan,Muay Thai,NA,1,2,0,0,0,0,0,0,0,0,0,1,0
Fahlan Por Petkhaikaew,-1,162,Thailand,31,Por Petkhaikaew,Muay Thai,NA,0,1,0,0,0,0,0,0,0,0,0,1,0
Faine Mesquita,56.3,163,Australia,37,MMAFFT,MMA,NA,2,0,0,0,1,0,1,0,0,0,0,0,0
Faizan “The Grenade” Khan,61.2,170,Pakistan,37,Team Fight Fortress,MMA,NA,0,1,0,0,0,0,0,0,1,0,0,0,0
Fajar “Macho”,61.2,171,Indonesia,30,BSA Martial Arts Center,MMA,Male,1,1,0,1,0,0,0,0,1,0,0,0,0
Fan Jia Le,61.2,172,China,26,Longyun MMA,MMA,NA,1,1,0,0,1,0,0,0,0,0,0,1,0
Farid “Bek” Alibabazade,-1,178,Azerbaijan,30,Galaktic Sports,MMA,NA,0,1,0,0,0,0,0,0,0,0,0,0,1
Felipe “Demolition Man” Lobo,65.2,175,Brazil,32,Revolution Muay Thai Phuket,Muay Thai,Male,4,3,0,1,0,0,1,1,1,0,0,1,0
Felipe “The Hero of Saigon” Negochadle,65,170,Brazil / Vietnam,28,C88 Martial Arts,MMA,NA,0,1,0,0,0,0,0,0,0,0,0,1,0
Felipe Silva,61.1,169,Brazil,32,Team Mehdi Zatout,MMA,NA,0,1,0,0,0,0,0,0,0,1,0,0,0
“The Sniper” Feng Xing Li,77.1,175,China,30,Fighting Elements Gym Team A,Sanda,NA,1,0,0,1,0,0,0,0,0,0,0,0,0
Ferrari Fairtex,65.6,174,Thailand,27,0,Muay Thai,Male,5,3,1,0,0,0,5,0,0,0,0,2,0
Ferzan Cicek,65.8,175,Turkey,28,Venum Training Camp,Muay Thai,NA,3,4,0,0,0,0,2,0,0,0,0,1,1
Fino Chor Ketwina,-1,170,Thailand,18,Chor Ketwina,Muay Thai,NA,0,1,0,0,0,0,0,0,0,0,0,0,0
Florencia “Leona” Greco,-1,157,Argentina,30,Dojo Serpiente / Silk Muaythai,Muay Thai,NA,0,1,0,0,0,0,0,0,0,0,0,1,0
Focus PK Wor Apinya,-1,168,Thailand,20,PK Saenchai Muaythaigym,Muay Thai,NA,1,1,0,0,0,0,0,0,0,0,0,0,0
Francisca “Miss Scarface” Vera,50.7,171,Chile,25,Kai Muay Free Fighters,Muay Thai,NA,3,3,0,1,0,0,0,2,0,0,0,2,0
Francisco “Chico” Lo,80.1,186,Brazil,24,Checkmat,Submission Grappling,Male,0,1,0,0,0,0,0,0,0,1,0,0,0
Freddie Haggerty,56.2,170,England,20,Knowlesy Academy / Team Underground,Muay Thai,Male,3,1,0,1,0,0,0,0,0,0,0,1,0
Fritz “Kid Tornado” Biagtan,60.5,168,Philippines,29,Biagtan MMA / T-Rex MMA,MMA,NA,3,2,0,1,0,0,1,0,1,0,0,1,0
“The Knife” Fu Kang Kang,70.3,175,China,27,Sunkin International Fight Club,MMA,NA,2,0,0,1,1,0,0,0,0,0,0,0,0
“The Dragon King” Fu Qing Nan,65.8,175,China,30,Qiu Jianliang Kickboxing Sports Academy,Kickboxing,NA,4,1,0,0,0,0,2,1,0,0,0,1,0
Furkan Karabag,68.7,180,Turkey,26,WMC Lamai Muaythai,Muay Thai,NA,3,2,0,3,0,0,0,0,1,0,0,1,0
Fuu,-1,148,Japan,20,Ryuseijuku Phantom Dojo,Muay Thai,NA,0,1,0,0,0,0,0,0,0,0,0,1,0
Fuyuka,51.6,164,Japan,19,Team Forest,Kickboxing,NA,0,1,0,0,0,0,0,0,0,0,0,1,0
Gabriel Sousa,60.9,162,Brazil,28,0,Submission Grappling,Male,1,1,0,0,0,0,0,1,0,1,0,0,0
Gabriel Souza,-1,183,Brazil,28,Fairtex Training Center,MMA,NA,0,1,0,0,0,0,0,0,0,0,0,0,0
Gabriele Moram,-1,165,Brazil,23,Kiatphontip Gym,Muay Thai,NA,0,1,0,0,0,0,0,0,0,0,0,0,1
Gadzhimurad “Tought” Amirzhanov,-1,185,Russia,29,Dobrynya,MMA,NA,3,1,0,1,1,0,1,0,0,1,0,0,0
Gadzhimurad Gasanguseinov,62.5,170,Russia / Uzbekistan,29,Raqobat,MMA,NA,0,1,0,0,0,0,0,0,0,0,0,1,0
Ganchai Jitmuangnon,56.4,165,Thailand,23,Jitmuangnon Gym,Muay Thai,NA,1,2,0,0,0,0,0,0,0,0,0,0,1
G'Anijonov Muhlisbek,70.2,-1,Uzbekistan,18,Team Mehdi Zatout,Muay Thai,NA,0,1,0,0,0,0,0,0,0,0,0,0,0
Gantogtokh “The Mongol Warrior” Baatarchuluun,61.2,173,Mongolia,29,Garuda MMA,MMA,NA,0,1,0,0,0,0,0,0,0,1,0,0,0
“Triangle Hunter” Gao Bo,77.1,186,China,42,YUAN Jiujitsu,MMA,NA,1,1,0,0,1,0,0,0,0,0,0,0,0
Garry “The Lion Killer” Tonon,70,178,United States,33,Evolve MMA / Team Renzo Gracie,MMA,Male,10,2,0,2,7,0,1,0,0,1,0,0,0
Geje “Gravity” Eustaquio,64,163,Philippines,36,Team Lakay,MMA,Male,10,8,0,0,0,0,6,2,0,2,0,2,2
George “G-Unit” Jarvis,76,183,England,24,Lumpini Crawley,Muay Thai,Male,4,1,0,0,0,0,2,1,0,0,0,0,1
George Mouzakitis,65.4,180,England,26,Petchnoi Gym,Muay Thai,NA,0,2,0,0,0,0,0,0,0,0,0,1,0
Georgy “Tiger” Shahruramazanov,70.3,174,Russia,29,Fighting Eagles / Raty Team,MMA,NA,1,1,0,0,0,0,1,0,1,0,0,0,0
Gianni Grippo,-1,175,United States,33,Bodega Jiu-Jitsu,Submission Grappling,Male,0,1,0,0,0,0,0,0,0,0,0,0,1
Gianni Subba,61.2,175,Malaysia,32,Bali MMA / Klinch MMA,MMA,Male,8,3,0,1,1,0,3,1,0,1,0,2,0
Gianny “The Lion of Flanders” De Leu,53.6,170,Belgium,23,Sandu Gym / Sor Dechapan,Kickboxing,NA,1,0,0,0,0,0,0,0,0,0,0,0,0
Gilbert Nakatani,61,165,United States,31,Aragon Training Academy,MMA,Male,0,2,0,0,0,0,0,0,0,0,0,2,0
Gingsanglek Wor Kumchamnarn,64.7,165,Thailand,23,Tor Laksong Gym,Muay Thai,NA,1,4,0,0,0,0,0,0,1,0,0,0,0
Giorgio “The Doctor” Petrosyan,70.3,178,Italy,39,Team Multi Fight Petrosyan,Kickboxing,Male,6,1,1,0,0,0,5,0,0,0,0,0,0
Gita Suharsono,52.2,168,Indonesia,32,Kris Kim BJJ / Team Posse,MMA,NA,0,1,0,0,0,0,0,0,0,0,0,1,0
Gokhan “The Beast” Boran,66.5,175,Turkey,31,WMC Lamai Muaythai,Muay Thai,NA,0,1,0,0,0,0,0,0,0,0,0,1,0
Got Taipetburi,54.4,163,Thailand,25,Taipetburi,Muay Thai,NA,1,2,0,0,0,0,0,1,0,0,0,0,0
Govind “The Mountain Boy” Singh,61.2,167,India,33,Phuket Top Team / Team Mountain Boys,MMA,NA,0,1,0,0,0,0,0,0,0,0,0,0,0
Grandprixnoi PK Saenchai,-1,170,Thailand,18,PK Saenchai Muaythaigym,Muay Thai,NA,0,1,0,0,0,0,0,0,1,0,0,0,0
Gregor Thom,61.4,176,Scotland,25,Aberdeen Combat Centre / Kiatsongrit,Muay Thai,NA,1,0,0,0,0,0,0,0,0,0,0,0,0
Gui Yan Zhao,62.6,175,China,24,Haoyue Fight Club,MMA,NA,0,2,0,0,0,0,0,0,0,1,0,0,0
Guilherme “Jab” Antunes,-1,170,Brazil,30,Phuket Fight Club,MMA,NA,0,1,0,0,0,0,0,0,1,0,0,0,0
Gurdarshan “Saint Lion” Mangat,61,170,Canada / India,38,10th Planet Las Vegas / Xtreme Couture,MMA,Male,4,1,0,0,0,0,2,1,0,1,0,0,0
Gusjung Fairtex,51.6,164,Thailand,19,0,Muay Thai,NA,0,2,1,0,0,0,0,0,1,0,0,0,0
Guto Inocente,118.3,191,Brazil,38,Real Combat Technique,Kickboxing,Male,2,2,0,1,0,0,0,0,1,0,0,1,0
Gwanwoo “The Giant” Lim,-1,188,South Korea,23,Extreme Combat,MMA,NA,0,1,0,0,0,0,0,0,0,0,0,1,0
Hakim Bah,66.5,178,France / Morocco,28,Singto Gym / Sor Dechapan,Muay Thai,NA,1,0,0,0,0,0,0,0,0,0,0,0,0
Hakim Hamech,61.2,170,France,32,Team NAS-R.K.,Muay Thai,Male,1,1,0,0,0,0,0,0,0,0,0,0,1
Halil “No Mercy” Amir,70,181,Turkey,30,1,MMA,Male,3,2,0,1,0,0,1,0,0,0,0,1,0
Halil Kutukcu,-1,178,Netherlands / Turkey,32,Tiger Muay Thai,Muay Thai,NA,0,1,0,0,0,0,0,0,0,0,0,1,0
Han Zi Hao,65.7,176,China,29,Mad Muay Thai Gym / Shunyuan Fight Club,Muay Thai,Male,7,7,0,1,0,0,3,0,1,0,0,5,1
Hanna “Hannimal” Palmquist,52,170,Sweden,31,GBG MAC,MMA,NA,1,0,0,0,0,0,1,0,0,0,0,0,0
Hannah Brady,56.7,164,United Kingdom,36,Kiatphontip UK,Muay Thai,NA,1,1,0,0,0,0,0,0,0,0,0,1,0
Hao Da Peng,65.8,175,China,27,ET Club,MMA,NA,1,0,0,1,0,0,0,0,0,0,0,0,0
Hao Shuai,-1,165,China,17,Sathian MuayThai,Muay Thai,NA,1,0,0,0,0,0,1,0,0,0,0,0,0
Haodong Jitmuangnon,-1,171,Thailand,26,Jitmuangnon Gym,Muay Thai,NA,0,1,0,0,0,0,0,0,0,0,0,0,0
Harlysson “Tuxaua” Nunes,65.3,176,Brazil,23,Phuket Fight Club,MMA,NA,1,1,0,1,0,0,0,0,1,0,0,0,0
Haruto Yasumoto,57.9,175,Japan,24,Hashimoto Dojo,Kickboxing,NA,1,1,0,0,0,0,1,0,0,0,0,1,0
Haruyuki Tanitsu,53.6,167,Japan,21,Sinkou MueTai,Muay Thai,NA,4,0,0,1,0,0,1,0,0,0,0,0,0
Hassan Vahdanirad,70.2,184,Iran,28,Cyrus,Muay Thai,NA,0,1,0,0,0,0,0,0,0,0,0,0,0
Hercules Wor Chakrawut,56.5,183,Thailand,22,Petseemuan Gym,Muay Thai,NA,2,0,0,0,0,0,1,1,0,0,0,0,0
Hern NF Looksuan,-1,164,Thailand,22,NF Looksuan,Muay Thai,NA,3,0,0,0,0,0,1,0,0,0,0,0,0
“Wolf of the Grasslands” Hexigetu,56.7,163,China,40,China Top Team,MMA,Male,3,2,0,0,0,0,2,1,0,1,0,1,0
Hikaru “The Painter” Yoshino,65.8,166,Japan,29,Paraestra Tokyo Bay,MMA,NA,1,1,0,0,0,0,1,0,0,0,0,0,1
Hinlekfai Samchaiwisetsuk,-1,160,Thailand,16,Samchaiwisetsuk,Muay Thai,NA,0,1,0,0,0,0,0,0,0,0,0,0,0
Hiroba Minowa,56.6,160,Japan,25,STF,MMA,Male,3,3,0,0,0,0,0,3,0,0,0,2,1
Hiroki Akimoto,65.8,170,Japan,32,Evolve MMA,Kickboxing,Male,7,4,0,0,0,0,5,2,0,0,0,2,1
Hiroki Kasahara,64.2,175,Japan,25,Caesar Gym,Muay Thai,NA,0,1,0,0,0,0,0,0,0,0,0,1,0
Hiroki Naruo,61,173,Japan,22,Kyudo Kaikan,Kickboxing,NA,1,0,0,1,0,0,0,0,0,0,0,0,0
Hiroki Suzuki,-1,175,Japan,28,Cross Point Kichijoji,Kickboxing,NA,0,1,0,0,0,0,0,0,0,0,0,0,1
Hiroto Masuda,56.2,165,Japan,28,Master Japan,MMA,NA,0,1,0,0,0,0,0,0,1,0,0,0,0
Hiroto Sameshima,57.7,171,Japan,26,Weerasackreck MuayThai Gym,Muay Thai,NA,0,1,0,0,0,0,0,0,0,0,0,0,0
Hiroyasu Sakurai,70.3,176,Japan,31,Team Never Quit,MMA,NA,1,1,0,0,0,0,0,1,0,0,0,1,0
Hiroyuki,54.9,167,Japan,29,RIKIX,Muay Thai,NA,1,2,0,0,0,0,0,0,1,0,0,1,0
Hiroyuki Ihara,68.7,180,Japan,41,Hades Workout Gym,Muay Thai,NA,0,1,0,0,0,0,0,0,1,0,0,0,0
Hiroyuki “Japanese Beast” Tetsuka,83.9,168,Japan,35,Yamada Dojo-TGFC,MMA,Male,6,3,0,1,3,0,1,0,1,0,0,2,0
Hiryu Niwa,-1,167,Japan,23,Art of Jiu-Jitsu Academy,Submission Grappling,NA,0,1,0,0,0,0,0,0,0,0,0,1,0
Honorio “The Rock” Banario,77.1,177,Philippines,35,Lions Nation MMA,MMA,Male,9,9,0,2,1,0,3,2,1,4,0,2,0
Hu Bin Qian,65.8,171,China,26,Changsha Ruige Muay Thai Gym,Muay Thai,NA,0,2,0,0,0,0,0,0,0,0,0,2,0
“Pretty Boy” Hu Li Zong,68,178,China,27,Freeman,MMA,NA,0,1,0,0,0,0,0,0,0,1,0,0,0
“Wild Wolf King” Hu Si Le,77.1,175,China,30,Daqin Martial Arts MMA Club,MMA,NA,1,0,0,0,0,0,1,0,0,0,0,0,0
“Wolf Warrior” Hu Yong,60.8,168,China,29,Fighting Bros Club,MMA,Male,8,2,0,2,0,1,3,1,0,0,0,1,1
“Silent Wargod” Huang Shuai Lu,61.2,174,China,25,White Shark Fight Club,Kickboxing,NA,1,1,0,0,0,0,1,0,0,0,0,1,0
Huang Yan Chuan,58.5,172,China,29,Beijing Ningguangyou Combat and Fitness Club,MMA,NA,1,1,0,0,1,0,0,0,0,0,0,0,0
Huo Xiaolong,56.5,170,China,29,Xuchang Chunyang Boji club,Kickboxing,NA,3,3,0,0,0,0,1,0,0,0,0,3,0
Hussein Salem,-1,-1,Iraq,1,0,MMA,NA,1,0,0,0,0,0,0,0,0,0,0,0,0
“The Hu Wolf” Huyixibai,65.8,170,China,31,Warrior Fight Club,MMA,NA,1,1,0,0,0,0,1,0,0,0,1,0,0
Hyu,69,-1,Japan,23,Team Mehdi Zatout / TEAM3K,Kickboxing,NA,3,0,0,1,0,0,1,0,0,0,0,0,0
Hyun jin “The Lion” Lee,70.3,182,South Korea,37,Ssen Gym,MMA,NA,0,1,0,0,0,0,0,0,1,0,0,0,0
Ibragim Abdulmedzhidov,62.1,175,Russia,30,Sham Fighter,Muay Thai,NA,2,1,0,0,0,0,0,0,1,0,0,0,0
Ibragim Dauev,65.8,178,Russia,24,Fight Club Akhmat / One Chance,MMA,Male,1,0,0,0,0,0,1,0,0,0,0,0,0
Idris “Aggressor” Abdurashidov,65.3,177,Russia,22,Aslan Team,MMA,NA,1,0,0,1,0,0,0,0,0,0,0,0,0
Ikko Ota,54.9,169,Japan,23,Shinkoh Muay Thai Gym,Muay Thai,NA,1,2,0,0,0,0,0,0,0,0,0,2,0
Ilashev Dostonbek,-1,173,Uzbekistan,26,Raqobat,Kickboxing,NA,1,0,0,0,0,0,0,0,0,0,0,0,0
Ilias Ennahachi,61.2,178,Morocco / Netherlands,28,S&B Gym,Kickboxing,Male,5,0,0,0,0,0,2,1,0,0,0,0,0
Ilimbek Akylbek Uulu,60.8,170,Kyrgyzstan,21,Tiger Muay Thai,MMA,NA,1,2,0,0,0,0,1,0,2,0,0,0,0
"Ilja “""Hands of Stone""” Stojanov",83.7,185,Germany,37,MMA Spirit,MMA,NA,0,1,0,0,0,0,0,0,0,1,0,0,0
Ilya Freymanov,69.9,179,Russia,29,Kuznya Fight Club,MMA,Male,2,1,0,1,1,0,0,0,0,1,0,0,0
Ilyas Dursun,65.5,173,Turkey,25,Amir Team / Seven Training Club,MMA,NA,0,1,0,0,0,0,0,0,0,0,0,0,0
Ilyas Eziyeu,65.6,178,Belarus,23,Akhmat Fight Team,MMA,NA,2,1,0,0,1,0,1,0,1,0,0,0,0
Ilyas Musaev,61.2,173,Russia,Te,3,Muay Thai,NA,3,4,0,0,0,0,0,0,0,0,0,3,1
Imad Salhi,54.8,172,Morocco / Spain,23,Sor Dechapan / Voodoo Fight Gym,Muay Thai,NA,1,0,0,0,0,0,0,0,0,0,0,0,0
Iman “Pretty Killer” Barlow,56.7,166,United Kingdom,31,Assassins MUAY THAI,Muay Thai,Male,2,0,0,1,0,0,1,0,0,0,0,0,0
Ines Pilutti,51.9,164,France,25,Siam boxing,Muay Thai,NA,0,1,0,0,0,0,0,0,1,0,0,0,0
Irfan “The Gorilla” Ahmad,56.7,168,Pakistan,29,Team Shaheen,MMA,NA,2,0,0,0,1,0,1,0,0,0,0,0,0
Isaac “The Danger” Araya,-1,170,Spain,38,Muay Pam Gym Tenerife,Muay Thai,NA,0,1,0,0,0,0,0,0,0,0,0,0,0
Isannuea Tor Tanjaroen,-1,172,Thailand,21,Sit Erawan,Muay Thai,NA,1,0,0,0,0,0,0,0,0,0,0,0,0
Isaque Moura,70,170,Brazil,31,Lions MMA Club,MMA,NA,0,1,0,0,0,0,0,0,0,0,0,1,0
Isfak “General” Seyid,65,170,Turkey,28,Flipside / Last Round Gym,MMA,NA,2,0,0,0,0,0,2,0,0,0,0,0,0
Isi “Doxz” Fitikefu,83.9,178,Australia / Tonga,32,Gracie Jiu-Jitsu Smeaton Grange,MMA,Male,2,1,0,0,1,0,1,0,0,0,0,0,1
Islam “Cannibal” Kukaev,72.1,177,Austria,30,Hiro Gym,MMA,NA,0,1,0,0,0,0,0,0,1,0,0,0,0
Islam Murtazaev,77.1,184,Russia,33,Varyag Gym / Venum Training Camp Thailand,Kickboxing,NA,0,2,0,0,0,0,0,0,0,0,0,1,1
Islay Erika Bomogao,-1,153,Philippines,24,Team Bagsik,Muay Thai,NA,2,0,0,0,0,0,2,0,0,0,0,0,0
Ismael Bandiwan,56.7,160,Philippines,29,Tribal Torogi,MMA,NA,2,0,0,2,0,0,0,0,0,0,0,0,0
Ismael “Mr. Pain” Londt,123.8,194,Netherlands / Suriname,39,ARJ Trainingen,Kickboxing,NA,0,1,0,0,0,0,0,0,0,0,0,0,0
Ismail “The Volcano” Khan,-1,170,Pakistan,27,KAKS,MMA,NA,2,1,0,0,1,0,1,0,0,1,0,0,0
Issei Yonaha,55.5,173,Japan,27,Saenchai Muay Thai Gym,Muay Thai,NA,2,0,0,0,0,0,1,0,0,0,0,0,0
Itsuki “Android 18” Hirata,51.5,157,Japan,25,Serra-Longo Fight Team,MMA,Male,5,4,0,1,2,0,2,0,0,1,0,2,1
Ivan “Killer Whale” Bondarchuk,70,182,Russia,27,Archangel Michel,MMA,NA,2,0,0,0,0,0,2,0,0,0,0,0,0
Ivan “Bullet” Buldakov,57.1,167,Russia,24,Archangel Michel,Muay Thai,NA,0,1,0,0,0,0,0,0,0,0,0,1,0
Ivan “Samurai” Gnizditskiy,-1,186,Russia,28,Chingi Tura,MMA,NA,1,0,0,1,0,0,0,0,0,0,0,0,0
Ivan Orekhov,60.8,165,Russia,30,Ratibor Moscow / Tiger Muay Thai,MMA,NA,0,1,0,0,0,0,0,0,1,0,0,0,0
Ivan Parshikov,70.3,167,Russia,27,Nova Uniao / Rusich,MMA,NA,3,2,0,1,1,0,1,0,1,0,0,1,0
Ivan Podrugin,76.6,190,Russia,23,Pankration Fight Club / Raty Team,MMA,NA,1,0,0,0,1,0,0,0,0,0,0,0,0
Izaak Michell,83.5,178,Australia,26,Vanguard Academy,Submission Grappling,Male,0,1,0,0,0,0,0,0,0,1,0,0,0
Jace “JKO” Law,70.3,178,Malaysia,33,Harbour Top Team,MMA,NA,1,0,0,1,0,0,0,0,0,0,0,0,0
Jack Jackmuaythai Gym,-1,170,Thailand,29,Sit Jack Muaythai,Muay Thai,NA,2,1,0,0,0,0,0,0,0,0,0,1,0
Jacob Smith,60.6,169,United Kingdom,32,Bad Company / Thaifist,Muay Thai,Male,1,3,0,0,0,0,0,0,0,0,0,3,0
Jaipet Singha Mawynn,-1,173,Thailand,19,Singha Mawynn,Muay Thai,NA,0,1,0,0,0,0,0,0,0,0,0,0,1
Jaising Sitnayokpunsak,62.1,167,Thailand,29,Sitnayokpansak,Muay Thai,NA,2,2,0,0,0,0,0,0,1,0,0,0,0
Jake “The One” Peacock,65.3,171,Canada / United Kingdom,31,Dunamis Muay Thai,Muay Thai,Male,2,0,0,1,0,0,1,0,0,0,0,0,0
Jakub “Superjoke” Wayman,-1,180,United States,22,Khun Suek,MMA,NA,1,0,0,1,0,0,0,0,0,0,0,0,0
Jalill “Green Lotus” Barnes,59.9,175,United States,27,Phuket Fight Club,Muay Thai,NA,1,1,0,0,0,0,1,0,0,0,0,0,0
Jamal “Yeniceri” Yusupov,69.9,176,Turkey,41,Hyperion Fighters,Muay Thai,Male,3,1,0,0,0,0,2,0,1,0,0,0,0
Jamark Cooper,54.1,167,United States,35,Tiger Muay Thai,Kickboxing,NA,0,1,0,0,0,0,0,0,0,0,0,0,0
James Nakashima,77.1,178,United States,36,MMA Lab,MMA,Male,3,3,0,1,0,0,2,0,1,2,0,0,0
James Yang,70.1,173,United States,35,AMC Pankration,MMA,NA,1,1,0,1,0,0,0,0,0,0,0,1,0
Jang “Sirius” Seon Gyu,69.4,170,South Korea,23,Team Rookie,MMA,NA,2,0,0,0,0,0,0,1,0,0,0,0,0
Jaoinsee PK Saenchai,53.1,164,Thailand,28,PK Saenchai Muaythaigym,Muay Thai,NA,1,1,0,0,0,0,1,0,0,0,0,1,0
Jaosuayai Mor Krungthepthonburi,60.9,166,Thailand,23,Sor Dechapan,Muay Thai,Male,7,2,0,0,0,0,1,0,0,0,0,2,0
Jaroenporn TaiKubon,-1,165,26 Y,TK,1,Muay Thai,NA,1,0,0,0,0,0,0,0,0,0,0,0,0
Jaruadsuk Sor Jor Wichitpadriew,61.1,175,Thailand,24,Sor Takainthong,Muay Thai,NA,2,0,0,0,0,0,1,1,0,0,0,0,0
Javad Bigdeli,-1,171,Iran,30,Tiger Muay Thai,Muay Thai,NA,0,2,0,0,0,0,0,0,1,0,0,1,0
Jayson “Dumagmang Warrior” Miralpez,-1,153,Philippines,21,Warriors MMA Academy,MMA,NA,1,1,0,0,0,0,0,0,0,0,0,1,0
JD “Deadshot” Hardwick,77.1,185,United States,37,Bali MMA,MMA,NA,0,1,0,0,0,0,0,0,1,0,0,0,0
Jean Carlos Pereira,76.3,186,Brazil,28,Muay Thai J Base,MMA,NA,1,0,0,0,1,0,0,0,0,0,0,0,0
Jean Claude Saclag,61.1,170,Philippines,30,Team Lakay,MMA,NA,2,0,0,2,0,0,0,0,0,0,0,0,0
Jeff Chan,65.8,174,Canada,33,Tristar,MMA,Male,1,0,0,0,1,0,0,0,0,0,0,0,0
Jelte Blommaert,59.3,170,Belgium,25,FA Group,Muay Thai,NA,2,4,0,1,0,0,0,0,1,0,0,3,0
Jencherng Pumpanmuang,57.9,170,Thailand,26,Lukmakhamwan,Muay Thai,NA,0,1,0,0,0,0,0,0,0,0,0,1,0
Jenelyn “The Graceful” Olsim,52,161,Philippines,28,Lions Nation MMA,MMA,Male,3,4,0,0,1,0,1,1,0,2,0,1,0
Jeremy “The Jaguar” Miado,56.4,170,Philippines,32,Marrok Force,MMA,Male,7,8,0,4,0,0,1,0,2,2,0,2,2
Jeremy “The Juggernaut” Pacatiw,65.4,170,Philippines,28,Lions Nation MMA,MMA,Male,3,2,0,0,2,0,1,0,0,0,0,1,0
Jerry Olsim,70.3,171,Philippines,30,Team Lakay,MMA,NA,2,1,0,0,0,0,2,0,0,0,0,1,0
Jessa Khan,52.2,152,Cambodia / United States,23,Art of Jiu-Jitsu Academy,Submission Grappling,Male,0,1,0,0,0,0,0,0,0,0,0,1,0
Jhanlo Mark “The Machine” Sangiao,65.8,168,Philippines,22,Team Lakay,MMA,Male,3,1,0,0,3,0,0,0,0,1,0,0,0
Ji Yeon “Honey Bee” Seo,52.2,164,South Korea,24,The Gym Lab / Top Gym BF,MMA,NA,2,1,0,2,0,0,0,0,0,1,0,0,0
Jia “The Condor” Ao Qi,70.3,177,China,33,Fighting Elements Gym Team A,Sanda,NA,1,0,0,1,0,0,0,0,0,0,0,0,0
Jiang Lumin,56.4,165,China,22,Sathian MuayThai,Muay Thai,NA,0,1,0,0,0,0,0,0,0,0,0,0,0
Jiao “The Wind” Dao Bo,70.3,173,China,33,Fighting Elements Gym Team B,Sanda,NA,0,1,0,0,0,0,0,0,1,0,0,0,0
“The Eagle of Yi” Jiduo Yibu,60.7,173,China,25,Shengli Fight Club,Muay Thai,NA,0,3,0,0,0,0,0,0,0,0,0,2,1
Jihin “Shadow Cat” Radzuan,54.5,160,Malaysia,26,Ultimate MMA Academy,MMA,Male,8,5,0,0,3,0,4,1,0,0,0,4,1
Jimmy “JV01” Vienot,69.9,184,France,29,Team Mehdi Zatout,Muay Thai,Male,1,2,0,0,0,0,1,0,0,0,0,1,1
Jingreedtong Kelasport,-1,172,Thailand,24,Sor Dechapan,Muay Thai,NA,0,1,0,0,0,0,0,0,0,0,0,0,0
“Smokin” Jo Nattawut,70.1,178,Thailand,35,Thai Top Team,Muay Thai,Male,6,8,0,1,0,0,3,0,1,0,0,3,0
Joachim “Pantera” Ouraghi,60.9,179,Algeria / France,29,Petsaman,Muay Thai,NA,1,4,0,0,0,0,0,0,1,0,0,2,1
Joe Welch,-1,182,United Kingdom,28,Northern Kings,Muay Thai,NA,1,0,0,0,0,0,1,0,0,0,0,0,0
Joey “Filipino Kid” Baylon,56.7,164,New Zealand,4 ,ETK MMA,MMA,NA,0,1,0,0,0,0,0,0,0,0,0,1,0
Joey “Mama's Boy” Pierotti,83.9,180,United States,35,Combat Sports and Fitness,MMA,Male,0,1,0,0,0,0,0,0,0,1,0,0,0
Johan “Panda Kick” Estupinan,61.2,175,Colombia,22,JCFernandez / Team CSK,Muay Thai,Male,5,0,0,1,0,0,2,0,0,0,0,0,0
Johan “Jojo” Ghazali,61.2,170,Malaysia / United States,18,Rentap Muaythai Gym,Muay Thai,Male,6,2,0,0,0,0,1,0,0,0,0,2,0
John “Hands of Stone” Lineker,65.7,160,Brazil,34,American Top Team,Kickboxing,Male,8,4,1,2,0,0,2,0,1,1,0,1,1
John Wayne “The Gunslinger” Parr,76.7,176,Australia,48,Boonchu Gym,Muay Thai,Male,0,2,0,0,0,0,0,0,1,0,0,1,0
Johnny “Johnny Boy” Nunez,77.1,180,United States,39,Evolve MMA,MMA,Male,0,2,0,0,0,0,0,0,0,1,0,1,0
Joji “The Twister” Goto,65,172,Japan,29,Tribe Tokyo MMA,MMA,NA,0,1,0,0,0,0,0,0,0,1,0,0,0
Joker Paesaisi,60.8,170,Thailand,20,Paesaisi,Muay Thai,NA,0,2,0,0,0,0,0,0,1,0,0,0,0
Jomhod “Left Sniper” Auto MuayThai,-1,165,Thailand,36,Jomhod Auto R1 Gym,Muay Thai,NA,1,2,0,1,0,0,0,0,1,0,0,0,0
Jomhot Charoenmuang,-1,164,Cambodia,24,Jaroenmueng Muaythai,Muay Thai,NA,0,1,0,0,0,0,0,0,0,0,0,0,0
Jomhod Chor Ketwina,61.1,177,Thailand,26,TDed99,Muay Thai,NA,0,1,0,0,0,0,0,0,0,0,0,0,0
Jomjai Naksugym,56.2,158,Thailand,25,Captain Kane Gym,Muay Thai,NA,1,1,0,0,0,0,1,0,0,0,0,0,1
Jompadej Nupranburi,-1,160,Thailand,29,Nupranburi,Muay Thai,NA,0,1,0,0,0,0,0,0,0,0,0,1,0
Jong Heon “Jeager” Kim,70.3,178,South Korea,31,Octagon Multi Gym,MMA,NA,0,2,0,0,0,0,0,0,2,0,0,0,0
Jongangsuk Sor Theppitak,59.5,170,Thailand,29,Kiatpetch,Muay Thai,NA,1,1,0,1,0,0,0,0,0,0,0,1,0
Joo Hwan Kim,61.2,164,South Korea,32,Octagon Multi Gym,MMA,NA,1,0,0,1,0,0,0,0,0,0,0,0,0
Jordan Estupinan,-1,-1,Colombia,1,0,Muay Thai,Male,1,0,0,0,0,0,1,0,0,0,0,0,0
Jordan “Wolf” Godtfredsen,65.4,181,Australia,32,Kao Sok Muay Thai,Muay Thai,NA,0,2,0,0,0,0,0,0,0,0,0,0,1
Jose Manuel Hita,-1,182,Spain,34,Kai Muay Freefighters,Muay Thai,NA,0,1,0,0,0,0,0,0,0,0,0,0,0
Josh Hill,-1,186,United Kingdom,25,Majestic Gym,Muay Thai,NA,2,0,0,0,0,0,2,0,0,0,0,0,0
Josh “Timebomb” Tonna,56.6,168,Australia,36,MuayU,Kickboxing,Male,3,4,0,0,0,0,2,0,2,0,0,1,0
Joshua “Flyin Hawaiian” Perreira,60.6,170,United States,28,Immortal Martial Arts,MMA,Male,0,1,0,0,0,0,0,0,1,0,0,0,0
Josue “Tuzo” Cruz,60.4,168,Mexico,29,Mahmoudi Gym Mexico,Muay Thai,NA,0,3,0,0,0,0,0,0,0,0,0,0,0
Jozef Chen,81.6,175,South Africa,20,B-Team,Submission Grappling,Male,0,1,0,0,0,0,0,0,0,0,0,1,0
Judy Humber,-1,170,Scotland,29,Sinbi Muaythai,Muay Thai,NA,0,1,0,0,0,0,0,0,0,0,0,1,0
Julie Mezabarba,52.2,160,Brazil,32,RD Champions,MMA,NA,1,3,0,0,0,0,1,0,0,0,0,2,1
Julio Lobo,63.1,180,Brazil,30,Phuket Fight Club,Muay Thai,NA,1,2,0,0,0,0,0,0,1,0,0,1,0
Jung Jun Hee,70,174,South Korea,23,Wang Ho,MMA,NA,0,1,0,0,0,0,0,0,1,0,0,0,0
Junior Fairtex,51.6,157,Thailand,19,1,Muay Thai,NA,7,0,0,1,0,0,5,1,0,0,0,0,0
Jurai Ishii,54.9,175,Japan,19,Exindecon Gym,Muay Thai,NA,1,0,0,0,0,0,1,0,0,0,0,0,0
Justin “Bones” Jones Matoto,-1,167,Philippines,22,CC MMA / OC Fight Gym,MMA,NA,0,1,0,0,0,0,0,0,0,0,0,1,0
Kabilan Jelevan,61.2,170,Malaysia,25,Rentap Muaythai Gym,Muay Thai,NA,2,2,0,0,0,0,0,0,1,0,0,0,0
Kaenlek Sor Chokmeechai,54.3,165,Thailand,22,Sor Chokmeechai,Muay Thai,NA,2,1,0,1,0,0,0,0,0,0,0,1,0
Kaenpitak NhongBangsai,55.2,169,Thailand,25,NhongBangsai,Muay Thai,NA,2,0,0,0,0,0,1,1,0,0,0,0,0
Kaichon Sor Yingcharoenkarnchang,-1,165,Thailand,24,3rd Army Area,Muay Thai,NA,1,1,0,0,0,0,1,0,0,0,0,0,0
Kaimookkhao Wankhongohm MBK,54.8,173,Thailand,19,Petseemuan Gym,Muay Thai,NA,3,0,0,1,0,0,2,0,0,0,0,0,0
Kairat “The Kazakh” Akhmetov,61.2,165,Kazakhstan,37,Tiger Muay Thai,MMA,Male,8,2,0,0,0,0,6,2,0,0,0,2,0
Kaisei Sato,-1,175,Japan,23,PCK,Muay Thai,NA,0,1,0,0,0,0,0,0,0,0,0,1,0
Kaito Oda,61.1,168,Japan,27,Carpe Diem Fukuoka,MMA,NA,2,0,0,0,0,0,2,0,0,0,0,0,0
Kaito Sakaguchi,-1,176,Japan,23,Risshi Kaikan,Kickboxing,Male,1,0,0,0,0,0,1,0,0,0,0,0,0
Kalaked Por Muangpetch,-1,160,Thailand,20,Por Muangpetch,Muay Thai,NA,0,1,0,0,0,0,0,0,1,0,0,0,0
